原句,分词结果,去掉停用词结果,情感得分
太烂了！很多年没看过这么烂的电影了，已经无法形容烂的程度，开场不到二十分钟我就睡着了，睡醒后离场，浪费钱和时间,太烂/了/！/很多年/没/看过/这么/烂/的/电影/了/，/已经/无法形容/烂/的/程度/，/开场/不到/二十分钟/我/就/睡着/了/，/睡醒/后/离场/，/浪费/钱/和/时间,太烂/很多年/看过/烂/电影/已经/无法形容/烂/程度/开场/不到/二十分钟/睡着/睡醒/后/离场/浪费/钱/时间/,-8.8952226179777
时间冲突没有去看，但是都说好,时间/冲突/没有/去/看/，/但是/都/说好,时间/冲突/说好/,-0.8096768382737
虽没有到达我想要的效果，但算是一个国版科幻的里程碑，支持！,虽/没有/到达/我/想要/的/效果/，/但/算是/一个/国版/科幻/的/里程碑/，/支持/！,到达/想要/效果/算是/一个/国版/科幻/里程碑/支持/,7.7220352686741
很好看的电影，值???,很/好看/的/电影/，/值/?/?/?,好看/电影/值/,2.192543273762
很牛掰的电影。已超越欧美。,很/牛/掰/的/电影/。/已/超越/欧美/。,牛/掰/电影/已/超越/欧美/,5.8598392901250005
非常不好看的科幻片，加油?,非常/不/好看/的/科幻片/，/加油/?,好看/科幻片/加油/,4.23870141186
超赞国产科幻片，技术和情节还有演员的演技都超赞！,超赞/国产/科幻片/，/技术/和/情节/还有/演员/的/演技/都/超赞/！,超赞/国产/科幻片/技术/情节/演员/演技/超赞/,7.7051931123801
挺好的，但有点空,挺/好/的/，/但/有点/空,挺/好/有点/空/,0.208511514917
破电影，恶心，看到头晕眼花。,破/电影/，/恶心/，/看到/头晕眼花/。,破/电影/恶心/看到/头晕眼花/,-7.9617359307871
很棒了，剧情无硬伤，就是特效忽高忽低，不过很棒了，愿国产越来越棒,很棒/了/，/剧情/无/硬伤/，/就是/特效/忽高忽低/，/不过/很棒/了/，/愿/国产/越来越/棒,很棒/剧情/无/硬伤/特效/忽高忽低/很棒/愿/国产/越来越/棒/,-7.493987180896001
很感人很震撼,很/感人/很/震撼,感人/震撼/,1.452546411285
电影是好电影，第一次来横店看，体验效果真的太一般了，开场前只有声音没有画面 开场一分钟画面的尺寸不对，后面音效和屏幕的画面有点不同步，而且影院整体声音太大了，音质也不清澈，总归就是电影没看出啥毛病，但电影院到是有很多的毛病,电影/是/好/电影/，/第一次/来/横店/看/，/体验/效果/真的/太/一般/了/，/开场/前/只有/声音/没有/画面/ /开场/一分钟/画面/的/尺寸/不/对/，/后面/音效/和/屏幕/的/画面/有点/不/同步/，/而且/影院/整体/声音/太大/了/，/音质/也/不/清澈/，/总归/就是/电影/没/看出/啥/毛病/，/但/电影院/到/是/有/很多/的/毛病,电影/好/电影/第一次/横店/体验/效果/真的/太/开场/前/声音/画面/ /开场/一分钟/画面/尺寸/后面/音效/屏幕/画面/有点/同步/影院/整体/声音/太大/音质/清澈/总归/电影/看出/毛病/电影院/毛病/,26.651195789008682
超震撼，看的好紧张，最后很感人！,超/震撼/，/看/的/好/紧张/，/最后/很/感人/！,超/震撼/好/紧张/最后/感人/,-0.18211166193318518
二刷安排!!!,二刷/安排/!/!/!,二刷/安排/,-0.0200225832803
很好看啊，极力推荐，看完这个电影后我觉得保护地球环境已经没用了得保护太阳的环境,很/好看/啊/，/极力推荐/，/看/完/这个/电影/后/我/觉得/保护/地球/环境/已经/没用/了/得/保护/太阳/的/环境,好看/极力推荐/完/电影/后/觉得/保护/地球/环境/已经/没用/保护/太阳/环境/,1.049117989405
说实话，这电影特效真的是垃圾。请不要拿真的来糊弄我们！,说实话/，/这/电影/特效/真的/是/垃圾/。/请/不要/拿/真的/来/糊弄/我们/！,说实话/电影/特效/真的/垃圾/请/真的/糊弄/,-1.251478096257
给10分，没得说！,给/10/分/，/没得说/！,10/分/没得说/,-0.11505144151300001
精彩，震撼，中国这样的科幻电影给力? 点燃木星那时刻泪目,精彩/，/震撼/，/中国/这样/的/科幻电影/给力/?/ /点燃/木星/那/时刻/泪目,精彩/震撼/中国/科幻电影/给力/ /点燃/木星/时刻/泪目/,7.504866353196
真的特别好看。特别震撼,真的/特别/好看/。/特别/震撼,真的/特别/好看/特别/震撼/,3.4714626308675
只关心休眠仓的人怎么办呀,只/关心/休眠/仓/的/人/怎么办/呀,只/关心/休眠/仓/人/,0.544130311045
吴京厉害(? ??_??)?,吴京/厉害/(/?/ /?/?/_/?/?/)/?,吴京/厉害/ /,0.5648538964790001
国产科幻的里程碑之作，值得推荐,国产/科幻/的/里程碑/之作/，/值得/推荐,国产/科幻/里程碑/之作/值得/推荐/,6.393146089925
国产科幻电影新高峰,国产/科幻电影/新高峰,国产/科幻电影/新高峰/,0.33265325334
棒棒哒，，，，,棒棒/哒/，/，/，/，,棒棒/哒/,2.30877412776
很棒的一部片子,很棒/的/一部/片子,很棒/一部/片子/,-0.764930816237
很震撼，有笑点，有泪点，春节档第一部电影,很/震撼/，/有/笑/点/，/有泪点/，/春节/档/第一部/电影,震撼/笑/点/有泪点/春节/档/第一部/电影/,4.748508933165
好看 中国电影,好看/ /中国/电影,好看/ /中国/电影/,2.5002908624469997
超赞我跟小伙伴们讲，这钱花的不亏！,超赞/我/跟/小伙伴/们/讲/，/这钱花/的/不亏/！,超赞/小伙伴/讲/这钱花/不亏/,5.417139169165001
这次中国科幻特效让我大吃一惊，非常赞?！但是朵朵的演技有待提升，以及最后稍微有点烂尾，剧情需要再优化,这次/中国/科幻/特效/让/我/大吃一惊/，/非常/赞/?/！/但是/朵朵/的/演技/有待/提升/，/以及/最后/稍微/有点/烂尾/，/剧情/需要/再/优化,这次/中国/科幻/特效/大吃一惊/赞/朵朵/演技/有待/提升/最后/稍微/有点/烂尾/剧情/需要/再/优化/,9.64142278985821
自我感觉一般,自我感觉/一般,自我感觉/,0
音乐?震撼，哈哈,音乐/?/震撼/，/哈哈,音乐/震撼/,3.14419969374
挺好看的，感人,挺/好看/的/，/感人,挺/好看/感人/,0.7326358507749999
还不错。 国产科幻这样子不错了,还/不错/。/ /国产/科幻/这/样子/不错/了,不错/ /国产/科幻/样子/不错/,2.5535371117726
酷第一个中国科幻大作,酷/第一个/中国/科幻/大作,酷/第一个/中国/科幻/大作/,0.007786410283000034
神仙电影喜欢赵金麦妹妹,神仙/电影/喜欢/赵金麦/妹妹,神仙/电影/喜欢/赵金麦/妹妹/,3.967175152907
超好看，要二刷，三刷,超/好看/，/要二刷/，/三刷,超/好看/要二刷/三刷/,1.26216032158
太好了，真棒,太好了/，/真棒,太好了/真棒/,0
目前中国最好的科幻片，毋容置疑！,目前/中国/最好/的/科幻片/，/毋容/置疑/！,目前/中国/最好/科幻片/毋容/置疑/,1.657312729025
电影题材特别好  心灵特别震撼 我们被现在的生活觉得取之不尽 用之不完,电影/题材/特别/好/ / /心灵/特别/震撼/ /我们/被/现在/的/生活/觉得/取之不尽/ /用/之/不/完,电影/题材/特别/好/ / /心灵/特别/震撼/ /现在/生活/觉得/取之不尽/ /完/,6.890503394891814
超级好看！很震撼……,超级/好看/！/很/震撼/…/…,超级/好看/震撼/,3.4146096947199998
好看，不错的电影?,好看/，/不错/的/电影/?,好看/不错/电影/,4.466259776075
国产第一不解释,国产/第一/不/解释,国产/第一/解释/,-0.32948910449299995
非常好，挺好看的！,非常/好/，/挺/好看/的/！,好/挺/好看/,1.26216032158
不错好看哈哈哈哈哈,不错/好看/哈哈哈/哈哈,不错/好看/哈哈哈/,7.0940750927
可能推地球，我受得了,可能/推/地球/，/我/受得了,推/地球/受得了/,-1.2002320592823001
十分精彩，并且很感人！,十分/精彩/，/并且/很/感人/！,十分/精彩/感人/,1.9709139839749998
好看，感人，演技好,好看/，/感人/，/演技/好,好看/感人/演技/好/,1.699477233334
从今以后国产科幻的标杆,从今以后/国产/科幻/的/标杆,国产/科幻/标杆/,1.964713265475
特效不错，剧情有点尴尬,特效/不错/，/剧情/有点/尴尬,特效/不错/剧情/有点/尴尬/,0.5941366658980001
虽然很悲剧，但是特效很感人，后面那一段也很燃,虽然/很/悲剧/，/但是/特效/很/感人/，/后面/那/一段/也/很/燃,悲剧/特效/感人/后面/一段/燃/,-2.8859085116839998
很震撼，特效也很好,很/震撼/，/特效/也/很/好,震撼/特效/好/,3.07325838004
赞 必须大赞,赞/ /必须/大赞,赞/ /大赞/,6.3949100228799995
特效特别棒 情节特别好,特效/特别/棒/ /情节/特别/好,特效/特别/棒/ /情节/特别/好/,3.1239744844471
很棒，除了影院眼镜模糊,很棒/，/除了/影院/眼镜/模糊,很棒/影院/眼镜/模糊/,0.253081479537
国产大片也能赶超好莱坞了,国产/大片/也/能/赶超/好莱坞/了,国产/大片/赶超/好莱坞/,3.09333696857
在面对共同的灾难面前，大家都齐心协力，一心想把生的希望留给他人，才最终战胜了地球危机，为进一步的计划争取了机会！！！,在/面对/共同/的/灾难/面前/，/大家/都/齐心协力/，/一/心想/把/生/的/希望/留给/他人/，/才/最终/战胜/了/地球/危机/，/为/进一步/的/计划/争取/了/机会/！/！/！,面对/共同/灾难/面前/齐心协力/心想/生/希望/留给/最终/战胜/地球/危机/进一步/计划/争取/机会/,13.1287480583065
电影很好看，应该是中国拍的最好看的一部科幻片了，也比较震撼，吴京这几年拍的几部电影我都有看，每一部我都很喜欢看，明年会继续关注吴京的电影,电影/很/好看/，/应该/是/中国/拍/的/最/好看/的/一部/科幻片/了/，/也/比较/震撼/，/吴京/这/几年/拍/的/几部/电影/我/都/有/看/，/每/一部/我/都/很/喜欢/看/，/明年/会/继续/关注/吴京/的/电影,电影/好看/应该/中国/拍/最/好看/一部/科幻片/比较/震撼/吴京/几年/拍/几部/电影/一部/喜欢/明年/继续/关注/吴京/电影/,11.009549153364999
特效八分，整个故事描述起来，看着有点乱,特效/八分/，/整个/故事/描述/起来/，/看着/有点/乱,特效/八分/整个/故事/描述/看着/有点/乱/,-0.07429281519699993
太他么好看了我去！,太/他/么/好看/了/我/去/！,太/好看/,1.26216032158
结束一直坐在那等到主题曲放完才起来 中间几次热血沸腾 热泪盈眶 今年 乃至近些年最好的国产电影 没有之一 战狼2虽然票房高 跟这个都没得比 发自内心,结束/一直/坐在/那/等到/主题曲/放/完才/起来/ /中间/几次/热血沸腾/ /热泪盈眶/ /今年/ /乃至/近些年/最好/的/国产电影/ /没有/之一/ /战狼/2/虽然/票房/高/ /跟/这个/都/没得/比/ /发自内心,结束/一直/坐在/主题曲/放/完才/ /中间/几次/热血沸腾/ /热泪盈眶/ /今年/ /近些年/最好/国产电影/ / /战狼/票房/高/ /没得/ /发自内心/,1.5158738925863
不愧为中国科幻电影的里程碑！第一个将目光投向天空的中国人叫“杞人”，结果他被人嘲笑了几千年。今天刘慈欣将目光投向了宇宙，把中国文明看做人类文明的一部分，既不自大，也不自卑，多么可敬的态度！好的IP，成就好的电影。,不愧为/中国/科幻电影/的/里程碑/！/第一个/将/目光/投向/天空/的/中国/人/叫/“/杞人/”/，/结果/他/被/人/嘲笑/了/几千年/。/今天/刘慈欣/将/目光/投向/了/宇宙/，/把/中国/文明/看做/人类文明/的/一部分/，/既/不/自大/，/也/不/自卑/，/多么/可敬/的/态度/！/好/的/IP/，/成就/好/的/电影/。,不愧为/中国/科幻电影/里程碑/第一个/目光/投向/天空/中国/人/杞人/人/嘲笑/几千年/今天/刘慈欣/目光/投向/宇宙/中国/文明/看做/人类文明/一部分/自大/自卑/多么/可敬/态度/好/IP/成就/好/电影/,11.59180967437365
很不错，超好看。,很/不错/，/超/好看/。,不错/超/好看/,1.3891906484800003
国产科幻经典之作啊，非常好！！还要二刷！,国产/科幻/经典之作/啊/，/非常/好/！/！/还要/二刷/！,国产/科幻/经典之作/好/还要/二刷/,2.632642004365
这分是给吴京的，特效呵呵，剧情呵呵,这分/是/给/吴京/的/，/特效/呵呵/，/剧情/呵呵,这分/吴京/特效/呵呵/剧情/呵呵/,2.529072727138
剧情很严谨，非常精彩,剧情/很/严谨/，/非常/精彩,剧情/严谨/精彩/,3.046279761454
为中国电影的进步点赞??,为/中国/电影/的/进步/点赞/?/?,中国/电影/进步/点赞/,3.338508794277
简直太好看了，虽然没有国外科幻片那种强烈的震撼效果，但是已经很不错了，而且很感动，有泪点，带了家人看，看哭了，吴京演的片子从来没有失望过?,简直/太/好看/了/，/虽然/没有/国外/科幻片/那种/强烈/的/震撼/效果/，/但是/已经/很/不错/了/，/而且/很/感动/，/有泪点/，/带/了/家人/看/，/看/哭/了/，/吴京演/的/片子/从来/没有/失望/过/?,太/好看/国外/科幻片/那种/强烈/震撼/效果/已经/不错/感动/有泪点/家人/哭/吴京演/片子/失望/,6.401178204573998
漂亮，帅。看了评分才来的，果然不负所望。国际京！,漂亮/，/帅/。/看/了/评分/才/来/的/，/果然/不负/所望/。/国际/京/！,漂亮/帅/评分/不负/所望/国际/京/,7.452522226469
给力！！！！！,给力/！/！/！/！/！,给力/,0
特效绝对不错，国产电影做成这样，很不容易，情节叙事比较情感，情绪煽动的比较多。赞一个,特效/绝对/不错/，/国产电影/做成/这样/，/很/不/容易/，/情节/叙事/比较/情感/，/情绪/煽动/的/比较/多/。/赞/一个,特效/不错/国产电影/做成/容易/情节/叙事/比较/情感/情绪/煽动/比较/赞/一个/,7.7459065056731005
视觉效果很好,视觉效果/很/好,视觉效果/好/,0
不好看 提前离场,不/好看/ /提前/离场,好看/ /提前/离场/,2.4742163051299997
真的太棒了，无论是演员还是特效，最后的那段bgm真的是让我震撼到了，必须给10分！！！小破球冲呀！！,真的/太棒了/，/无论是/演员/还是/特效/，/最后/的/那段/bgm/真的/是/让/我/震撼/到/了/，/必须/给/10/分/！/！/！/小破球/冲/呀/！/！,真的/太棒了/无论是/演员/特效/最后/那段/bgm/真的/震撼/10/分/小破球/,2.206645035185181
吹爆他，太好看了,吹/爆/他/，/太/好看/了,吹/爆/太/好看/,1.9666775248358
这部电影完全配得上“中国科幻电影元年”这一称呼，电影特效非常理想，电影剧情很完整，两条主线互相切换很顺畅，剧情设定上没有什么硬伤，虽然几个年轻演员的表现尚有不足，但是这部电影的其他优点完全可以弥补，非常值得一看！,这部/电影/完全/配得/上/“/中国/科幻电影/元年/”/这一/称呼/，/电影/特效/非常/理想/，/电影/剧情/很/完整/，/两条/主线/互相/切换/很/顺畅/，/剧情/设定/上/没有/什么/硬伤/，/虽然/几个/年轻/演员/的/表现/尚有/不足/，/但是/这部/电影/的/其他/优点/完全/可以/弥补/，/非常/值得一看/！,这部/电影/完全/配得/中国/科幻电影/元年/这一/称呼/电影/特效/理想/电影/剧情/完整/两条/主线/切换/顺畅/剧情/设定/硬伤/几个/年轻/演员/表现/尚有/不足/这部/电影/优点/完全/弥补/值得一看/,9.589998186707799
很棒啊！挺喜欢这部电影,很棒/啊/！/挺/喜欢/这部/电影,很棒/挺/喜欢/这部/电影/,3.588340316503
国产电影新高度！！,国产电影/新/高度/！/！,国产电影/新/高度/,1.859319210479
还行吧。。。。。,还行/吧/。/。/。/。/。,还行/,0
为中国崛起的科技电影打call,为/中国崛起/的/科技/电影/打/call,中国崛起/科技/电影/call/,1.456162245123
实在是太难看了，给人感觉中国以后毁灭似的，反感,实在/是/太/难看/了/，/给/人/感觉/中国/以后/毁灭/似的/，/反感,实在/太/难看/人/感觉/中国/以后/毁灭/反感/,-5.726308862501
感觉不错。很好的科幻,感觉/不错/。/很/好/的/科幻,感觉/不错/好/科幻/,1.2105155341227505
看到吴京出演于是初一第一首选了这部电影，场面宏大，国产首部科幻片，很震撼。看完电影又看了几篇科普知识，越发喜欢这部电影，于是追加来评分，希望更多的观众朋友来关注支持我们国家的科幻片。,看到/吴京/出演/于是/初一/第一/首选/了/这部/电影/，/场面/宏大/，/国产/首部/科幻片/，/很/震撼/。/看/完/电影/又/看/了/几篇/科普知识/，/越发/喜欢/这部/电影/，/于是/追加/来/评分/，/希望/更/多/的/观众/朋友/来/关注/支持/我们/国家/的/科幻片/。,看到/吴京/出演/初一/第一/首选/这部/电影/场面/宏大/国产/首部/科幻片/震撼/完/电影/几篇/科普知识/越发/喜欢/这部/电影/追加/评分/希望/观众/朋友/关注/支持/国家/科幻片/,34.641661234267396
拍的比美国大片还厉害，国产电影越来越好看，吴京再创佳绩,拍/的/比/美国/大片/还/厉害/，/国产电影/越来越/好看/，/吴京/再创/佳绩,拍/美国/大片/厉害/国产电影/越来越/好看/吴京/再创/佳绩/,11.318226020425001
相对几部喜剧片，国产的首部大型科幻片题材还是比较新意。3D效果也不错，但剧情还有待提高，人物形象塑造以及年轻演员的演技也还有待提高。,相对/几部/喜剧片/，/国产/的/首部/大型/科幻片/题材/还是/比较/新意/。/3D/效果/也/不错/，/但/剧情/还有/待/提高/，/人物形象/塑造/以及/年轻/演员/的/演技/也/还有/待/提高/。,相对/几部/喜剧片/国产/首部/大型/科幻片/题材/比较/新意/3D/效果/不错/剧情/提高/人物形象/塑造/年轻/演员/演技/提高/,15.860069380911002
除了前半个小时左右的内容略有浮夸整体来看还是非常不错的。包括演员表现，后期制作和剧情走向都很惊艳。后半部分观众都感动落泪，可能是我泪点比较高吧，只是有点酸但是流不出眼泪。旁边的兄弟哭成泪人辽，而且这个的泪点不是很集中，表达的也很棒真的值得一看,除了/前/半个/小时/左右/的/内容/略有/浮夸/整体/来看/还是/非常/不错/的/。/包括/演员/表现/，/后期制作/和/剧情/走向/都/很/惊艳/。/后/半/部分/观众/都/感动/落泪/，/可能/是/我/泪点/比较/高/吧/，/只是/有点/酸/但是/流不出/眼泪/。/旁边/的/兄弟/哭/成/泪人/辽/，/而且/这个/的/泪点/不是/很/集中/，/表达/的/也/很棒/真的/值得一看,前/半个/小时/左右/内容/略有/浮夸/整体/不错/包括/演员/表现/后期制作/剧情/走向/惊艳/后/部分/观众/感动/落泪/泪点/比较/高/有点/酸/流不出/眼泪/旁边/兄弟/哭/成/泪人/辽/泪点/集中/表达/很棒/真的/值得一看/,3.273585429404141
难得国产电影可以达到这样的水平。点赞,难得/国产电影/可以/达到/这样/的/水平/。/点赞,国产电影/达到/水平/点赞/,1.3565775236139999
感觉春节档最佳,感觉/春节/档/最佳,感觉/春节/档/最佳/,1.939526774154
还能说什么   吹爆,还/能/说/什么/ / / /吹/爆,说/ / / /吹/爆/,-0.676268693973
两个字牛逼，,两个/字/牛/逼/，,两个/字/牛/逼/,-1.037932555417
影片拍的很不错，科幻感十足，故事情节也不错，我这个看电影从来没哭过的人都被感动的掉了眼泪！很棒，加油！,影片/拍/的/很/不错/，/科幻/感/十足/，/故事情节/也/不错/，/我/这个/看/电影/从来/没哭/过/的/人/都/被/感动/的/掉/了/眼泪/！/很棒/，/加油/！,影片/拍/不错/科幻/感/十足/故事情节/不错/电影/没哭/人/感动/掉/眼泪/很棒/加油/,12.485621908382
中国科幻大片,中国/科幻/大片,中国/科幻/大片/,1.283107462037
观后感就是：国产科幻剧中目前为止拍得最棒的一部，期待下一部力作出现超越这部剧！,观后感/就是/：/国产/科幻/剧中/目前为止/拍得/最棒/的/一部/，/期待/下/一部/力作/出现/超越/这部/剧/！,观后感/国产/科幻/剧中/目前为止/拍得/最棒/一部/期待/下/一部/力作/出现/超越/这部/剧/,3.4786232466410003
不说别的，特效真的很棒!越往后看越好看!,不说/别的/，/特效/真的/很棒/!/越往后/看越/好看/!,不说/特效/真的/很棒/越往后/看越/好看/,0.6766883593509998
中国科幻之最,中国/科幻/之/最,中国/科幻/最/,0.302307718717
春节档的冠军，震撼、感人。,春节/档/的/冠军/，/震撼/、/感人/。,春节/档/冠军/震撼/感人/,3.910336253885
国产灾难片来说的话 10分我给8分 其余没有见过超过6分的...怎么形容呢 2个小时我觉得是满好看的了,国产/灾难片/来说/的话/ /10/分/我/给/8/分/ /其余/没有/见过/超过/6/分/的/.../怎么/形容/呢/ /2/个/小时/我/觉得/是/满/好看/的/了,国产/灾难片/来说/ /10/分/分/ /见过/超过/分/形容/ /小时/觉得/好看/,0.8735895562040001
中国科幻电影元年！,中国/科幻电影/元年/！,中国/科幻电影/元年/,2.361537621932
好，中国科幻大片的开山之作，吴京真牛逼,好/，/中国/科幻/大片/的/开山/之作/，/吴京/真牛/逼,好/中国/科幻/大片/开山/之作/吴京/真牛/逼/,1.2345772296050002
中国科幻，叹为观止，人类的希望，从不止于各人,中国/科幻/，/叹为观止/，/人类/的/希望/，/从/不止/于/各人,中国/科幻/叹为观止/人类/希望/各人/,2.356335353044
非常优秀，感觉中国科技元年来了！,非常/优秀/，/感觉/中国/科技/元年/来/了/！,优秀/感觉/中国/科技/元年/,4.491466227886
本来是奔吴京先生去的，开场“特别出演”就心凉了！暗中吐槽导演作弊…… 结果 还真好看 让人目不转睛有感动有笑点的电影?  不剧透 没旅游的都去看??,本来/是/奔/吴京/先生/去/的/，/开场/“/特别/出演/”/就/心凉/了/！/暗中/吐槽/导演/作弊/…/…/ /结果/ /还真好/看/ /让/人/目不转睛/有/感动/有/笑/点/的/电影/?/ / /不剧/透/ /没/旅游/的/都/去/看/?/?,本来/奔/吴京/先生/开场/特别/出演/心凉/吐槽/导演/作弊/ / /还真好/ /人/目不转睛/感动/笑/点/电影/ / /不剧/透/ /旅游/,9.868106903068725
还不错。但是有没有绝对好看 稍微有点赶和粗糙 煽情有一点太硬。还不错但是,还/不错/。/但是/有没有/绝对/好看/ /稍微/有点/赶/和/粗糙/ /煽情/有/一点/太硬/。/还/不错/但是,不错/有没有/好看/ /稍微/有点/粗糙/ /煽情/一点/太硬/不错/,1.569257989559
特效真的特别赞,特效/真的/特别/赞,特效/真的/特别/赞/,4.6116210399775
完美，国产乐观开山之作！,完美/，/国产/乐观/开山/之作/！,完美/国产/乐观/开山/之作/,5.418942426908
中国硬科幻，良心！,中国/硬/科幻/，/良心/！,中国/硬/科幻/良心/,-1.9352608994499998
挺好的，就是年轻演员演技差点,挺/好/的/，/就是/年轻/演员/演技/差点,挺/好/年轻/演员/演技/差点/,1.9521224887089998
挺好的！国产科幻很走心了！（我爸看完嘀咕:现在的年轻人这么敢想，都想到几千年后了…哈哈哈哈哈哈哈哈）,挺/好/的/！/国产/科幻/很/走心/了/！/（/我爸/看/完/嘀咕/:/现在/的/年轻人/这么/敢/想/，/都/想到/几千年/后/了/…/哈哈哈哈/哈哈哈哈/）,挺/好/国产/科幻/走心/我爸/完/嘀咕/现在/年轻人/想/想到/几千年/后/哈哈哈哈/哈哈哈哈/,-2.518342112944
没有更好，只有最好，吴京的电影就是保障，但我没想到的是这部流浪地球这么的贴近现实，也许我们将来要面临的不是太阳膨胀，也许是其他什么的，但我们将要面对的生活也许就是地下城之类的，没有用到什么超能力，都是科技可以实现或者即将实现的力量，给人一种这也许也是我们的一种未来的可能性,没有/更好/，/只有/最好/，/吴京/的/电影/就是/保障/，/但/我/没想到/的/是/这部/流浪/地球/这么/的/贴近/现实/，/也许/我们/将来/要/面临/的/不是/太阳/膨胀/，/也许/是/其他/什么/的/，/但/我们/将要/面对/的/生活/也许/就是/地下城/之类/的/，/没有/用到/什么/超能力/，/都/是/科技/可以/实现/或者/即将/实现/的/力量/，/给/人/一种/这/也许/也/是/我们/的/一种/未来/的/可能性,更好/最好/吴京/电影/保障/没想到/这部/流浪/地球/贴近/现实/也许/将来/面临/太阳/膨胀/也许/面对/生活/也许/地下城/用到/超能力/科技/实现/实现/力量/人/一种/也许/一种/未来/可能性/,11.3843297731262
超级超级好看！！这次的片子打破了中国科幻薄弱的观点，奈斯！,超级/超级/好看/！/！/这次/的/片子/打破/了/中国/科幻/薄弱/的/观点/，/奈斯/！,超级/超级/好看/这次/片子/打破/中国/科幻/薄弱/观点/奈斯/,3.1624333825183495
不用多说了好看中国崛起,不用/多/说/了/好看/中国崛起,不用/说/好看/中国崛起/,0.8349986269229999
2012年有一部电影叫做《2012》，在电影的片尾，洪水退去，方舟停留在了珠峰之巅，美国人??用这样一种方式告诉世人，拯救地球?最后要靠中国人??。2019年中国人用一部电影告诉世界，我们是这样拯救地球的，这就是中国梦，和平崛起的伟大力量。俄罗斯??是好哥们儿，日本??韩国??是小弟，英国??“雇佣兵”，法国??“神父”，德国??就听到一句“再见”，美国??别吵吵，好好看着！把这部科幻电影当作一部政治大戏看也挺过瘾，估计作者刘慈欣（大刘）也没想到。我仿佛看到了（星球大战）（第五元素）的一点影子，然而本质上完全不同，整整高出一个维度。,2012/年/有/一部/电影/叫做/《/2012/》/，/在/电影/的/片尾/，/洪水/退去/，/方舟/停留/在/了/珠峰/之巅/，/美国/人/?/?/用/这样/一种/方式/告诉/世人/，/拯救/地球/?/最后/要/靠/中国/人/?/?/。/2019/年/中国/人用/一部/电影/告诉/世界/，/我们/是/这样/拯救/地球/的/，/这/就是/中国/梦/，/和平/崛起/的/伟大/力量/。/俄罗斯/?/?/是/好/哥们儿/，/日本/?/?/韩国/?/?/是/小弟/，/英国/?/?/“/雇佣兵/”/，/法国/?/?/“/神父/”/，/德国/?/?/就/听到/一句/“/再见/”/，/美国/?/?/别/吵吵/，/好好/看着/！/把/这部/科幻电影/当作/一部/政治/大戏/看/也/挺/过瘾/，/估计/作者/刘慈欣/（/大/刘/）/也/没想到/。/我/仿佛/看到/了/（/星球大战/）/（/第五/元素/）/的/一点/影子/，/然而/本质/上/完全/不同/，/整整/高出/一个/维度/。,2012/年/一部/电影/叫做/2012/电影/片尾/洪水/退去/方舟/停留/珠峰/之巅/美国/人/一种/方式/告诉/世人/拯救/地球/最后/中国/人/2019/年/中国/人用/一部/电影/告诉/世界/拯救/地球/中国/梦/和平/崛起/伟大/力量/俄罗斯/好/哥们儿/日本/韩国/小弟/英国/雇佣兵/法国/神父/德国/听到/一句/再见/美国/吵吵/好好/看着/这部/科幻电影/当作/一部/政治/大戏/挺/过瘾/估计/作者/刘慈欣/刘/没想到/仿佛/看到/星球大战/第五/元素/一点/影子/本质/完全/整整/高出/一个/维度/,112.1195092899183
赞 超震撼 不错不错,赞/ /超/震撼/ /不错/不错,赞/ /超/震撼/ /不错/不错/,0.7492178472800002
称得上是目前中国最高级的特效了，有大情怀，大无畏的牺牲精神，看哭了好几次,称得上/是/目前/中国/最高级/的/特效/了/，/有大/情怀/，/大无畏/的/牺牲/精神/，/看/哭/了/好/几次,称得上/目前/中国/最高级/特效/有大/情怀/大无畏/牺牲/精神/哭/好/几次/,1.026367500552
期待了很久，，,期待/了/很/久/，/，,期待/久/,1.872037029735
科幻之最啊，感觉有种好莱坞的既视感，中国情怀加之高科技特效，感觉非常棒，值得一看,科幻/之/最/啊/，/感觉/有种/好莱坞/的/既/视感/，/中国/情怀/加之/高科技/特效/，/感觉/非常/棒/，/值得一看,科幻/最/感觉/有种/好莱坞/视感/中国/情怀/高科技/特效/感觉/棒/值得一看/,11.090616762997
给满了怕骄傲,给/满/了/怕/骄傲,骄傲/,2.26736094733
《流浪地球》真是超出预期，光特效制作就值得骄傲骄傲。几处为了缓解紧张的逗趣情节，比如突如其来的昨晚睡了姑娘，可能是为了出口给老外写的吧。,《/流浪/地球/》/真是/超出/预期/，/光/特效/制作/就/值得/骄傲/骄傲/。/几处/为了/缓解/紧张/的/逗趣/情节/，/比如/突如其来/的/昨晚/睡/了/姑娘/，/可能/是/为了/出口/给/老外/写/的/吧/。,流浪/地球/真是/超出/预期/特效/制作/值得/骄傲/骄傲/几处/缓解/紧张/逗趣/情节/突如其来/昨晚/睡/姑娘/出口/老外/写/,7.2920621947563005
超级震撼科幻，部分情节戳中泪点，整体感觉在看好莱坞大片，赞赞赞,超级/震撼/科幻/，/部分/情节/戳/中泪点/，/整体/感觉/在/看/好莱坞/大片/，/赞赞赞,超级/震撼/科幻/部分/情节/戳/中泪点/整体/感觉/好莱坞/大片/赞赞赞/,6.351069570569701
场面壮大，值得一看,场面/壮大/，/值得一看,场面/壮大/值得一看/,2.386230102443
很喜欢，传播爱国友善正能量,很/喜欢/，/传播/爱国/友善/正/能量,喜欢/传播/爱国/友善/正/能量/,5.778549465844001
人类！万岁！,人类/！/万岁/！,人类/万岁/,2.321388809329
过誉，故事都讲不清楚，两小孩演技稚嫩，强加春节元素，特效的确可以吹，唯一看点是吴京。,过/誉/，/故事/都/讲/不/清楚/，/两/小孩/演技/稚嫩/，/强加/春节/元素/，/特效/的确/可以/吹/，/唯一/看点/是/吴京/。,誉/故事/讲/清楚/两/小孩/演技/稚嫩/强加/春节/元素/特效/吹/唯一/看点/吴京/,6.368579672252
评分对得起影片！虽然有点小贵，但是影片值得这个价位！大力推荐！,评分/对得起/影片/！/虽然/有点/小贵/，/但是/影片/值得/这个/价位/！/大力/推荐/！,评分/对得起/影片/有点/小贵/影片/值得/价位/大力/推荐/,14.808371263735
没有小说黑暗的内容反而拍出更好的效果,没有/小说/黑暗/的/内容/反而/拍/出/更好/的/效果,小说/黑暗/内容/拍/更好/效果/,1.559577641621
特效和制作应该标志着中国电影真正进入了新纪元，和欧美没什么差距了。但是不得不说文戏写得太糟糕。刘启的演员演技也很勉强。看完心里有点难受，就像一个本来可以90分的作品，最终也只有70分。给90分总感觉违心。另外作为科幻电影在商业片的逻辑下，其bug勉强可以忽略。还是挺燃挺爆。最近让我特别难受的一部就是白蛇，另一部就是这部流浪地球了。特效和制作的完美抵不过编剧的硬伤。希望有一天能出现两者都能完美的中国制造。总体来说这部片子还是值得一看。,特效/和/制作/应该/标志/着/中国/电影/真正/进入/了/新纪元/，/和/欧美/没什么/差距/了/。/但是/不得不/说/文戏/写/得/太/糟糕/。/刘启/的/演员/演技/也/很/勉强/。/看/完/心里/有点/难受/，/就/像/一个/本来/可以/90/分/的/作品/，/最终/也/只有/70/分/。/给/90/分/总/感觉/违心/。/另外/作为/科幻电影/在/商业片/的/逻辑/下/，/其/bug/勉强/可以/忽略/。/还是/挺燃/挺/爆/。/最近/让/我/特别/难受/的/一部/就是/白蛇/，/另/一部/就是/这部/流浪/地球/了/。/特效/和/制作/的/完美/抵不过/编剧/的/硬伤/。/希望/有/一天/能/出现/两者/都/能/完美/的/中国/制造/。/总体/来说/这部/片子/还是/值得一看/。,特效/制作/应该/标志/中国/电影/真正/进入/新纪元/欧美/没什么/差距/说/文戏/写/太/糟糕/刘启/演员/演技/勉强/完/心里/有点/难受/一个/本来/90/分/作品/最终/70/分/90/分/总/感觉/违心/科幻电影/商业片/逻辑/下/bug/勉强/忽略/挺燃/挺/爆/最近/特别/难受/一部/白蛇/一部/这部/流浪/地球/特效/制作/完美/抵不过/编剧/硬伤/希望/一天/出现/完美/中国/制造/总体/来说/这部/片子/值得一看/,7.1758683044978255
超级赞，中国电影起范儿了?,超级/赞/，/中国/电影/起范儿/了/?,超级/赞/中国/电影/起范儿/,4.139797761287
中国科幻电影程碑似的一部，虽然比好莱坞的特效还差点距离，但是这个距离是肉眼可见的了，结合中国人特有的故乡情怀，和科技大片融合毫无违和感。值得一看！,中国/科幻电影/程碑/似的/一部/，/虽然/比/好莱坞/的/特效/还/差点/距离/，/但是/这个/距离/是/肉眼/可见/的/了/，/结合/中国/人/特有/的/故乡/情怀/，/和/科技/大片/融合/毫无/违和感/。/值得一看/！,中国/科幻电影/程碑/一部/好莱坞/特效/差点/距离/距离/肉眼/结合/中国/人/特有/故乡/情怀/科技/大片/融合/违和感/值得一看/,11.801498326771
话不多说。满分推荐！只有在真正灾难来临之际，人与人之间的尔虞我诈，勾心斗角才会渐渐消失！,话/不/多/说/。/满分/推荐/！/只有/在/真正/灾难/来临/之际/，/人/与/人/之间/的/尔虞我诈/，/勾心斗角/才/会/渐渐/消失/！,话/说/满分/推荐/真正/灾难/来临/之际/人/人/之间/尔虞我诈/勾心斗角/渐渐/消失/,3.6748056006620002
品质相当棒的国产科幻，描述了人与人在极端环境下的冲突。刘慈欣一如既往的关注人物心里的自私阴暗面，以及经历了撞击的开悟与升华。,品质/相当/棒/的/国产/科幻/，/描述/了/人/与/人/在/极端/环境/下/的/冲突/。/刘慈欣/一如既往/的/关注/人物/心里/的/自私/阴暗面/，/以及/经历/了/撞击/的/开悟/与/升华/。,品质/相当/棒/国产/科幻/描述/人/人/环境/下/冲突/刘慈欣/一如既往/关注/人物/心里/自私/阴暗面/经历/撞击/开悟/升华/,10.686345472298358
"5分为特效，－4分是情节、对白、漏洞,－1分是跟我一起看的人半小时就走了","5/分为/特效/，/－/4/分是/情节/、/对白/、/漏洞/,/－/1/分是/跟/我/一起/看/的/人/半小时/就/走/了",分为/特效/－/分是/情节/对白/漏洞/－/分是/一起/人/半小时/走/,5.079547751222101
中国现在竟然能拍出这样的科幻片了， 以后这就是标杆，希望以后中国科幻片看齐，致敬大刘！,中国/现在/竟然/能/拍出/这样/的/科幻片/了/，/ /以后/这/就是/标杆/，/希望/以后/中国/科幻片/看齐/，/致敬/大/刘/！,中国/现在/拍出/科幻片/ /以后/标杆/希望/以后/中国/科幻片/看齐/致敬/刘/,3.8502663096200003
很好看了吧哈哈,很/好看/了/吧/哈哈,好看/,1.26216032158
挺好看的，很震撼！,挺/好看/的/，/很/震撼/！,挺/好看/震撼/,3.24423120367
很好看很刺激，惊心动魄,很/好看/很/刺激/，/惊心动魄,好看/刺激/惊心动魄/,1.202905088333
满怀期待地去看了，结果实在是不值9.4的高分。从场景来说，3D意义不大，主要是为了让人物的脸更加立体。(以下涉及剧透)最后点燃木星的场景完全没有展现出来，人类文明延续的伟大也没体现出来，没拍出想展现的经过努力获得新的希望拯救地球的感动。再说剧情，没看小说，只从电影看，实在是当不起科幻电影的名头，只能说是一个用了很多特效的不太成熟的灾难片。科幻首先要有科技，这部电影除了太空舱机器人挺高级，其他地方没看出什么科学元素，或者说电影为了突出众人团结力量的伟大，忽略了科学事实等因素，将个人情感至于人类利益之上，这点从主角是个傻子却苟到最后可以看出。众人团结的场景挺感人的，6分为支持国产电影而打，期待进步,满怀/期待/地去/看/了/，/结果/实在/是/不值/9.4/的/高分/。/从/场景/来说/，/3D/意义/不/大/，/主要/是/为了/让/人物/的/脸/更加/立体/。/(/以下/涉及/剧透/)/最后/点燃/木星/的/场景/完全/没有/展现/出来/，/人类文明/延续/的/伟大/也/没/体现/出来/，/没拍/出想/展现/的/经过努力/获得/新/的/希望/拯救/地球/的/感动/。/再说/剧情/，/没/看/小说/，/只/从/电影/看/，/实在/是/当不起/科幻电影/的/名头/，/只能/说/是/一个/用/了/很多/特效/的/不/太/成熟/的/灾难片/。/科幻/首先/要/有/科技/，/这部/电影/除了/太空舱/机器人/挺/高级/，/其他/地方/没/看出/什么/科学/元素/，/或者说/电影/为了/突出/众人/团结/力量/的/伟大/，/忽略/了/科学/事实/等/因素/，/将/个人/情感/至于/人类/利益/之上/，/这点/从/主角/是/个/傻子/却/苟到/最后/可以/看出/。/众人/团结/的/场景/挺/感人/的/，/6/分为/支持/国产电影/而/打/，/期待/进步,满怀/期待/地去/实在/不值/9.4/高分/场景/来说/3D/意义/主要/人物/脸/立体/以下/涉及/剧透/最后/点燃/木星/场景/完全/展现/人类文明/延续/伟大/体现/没拍/出想/展现/经过努力/获得/新/希望/拯救/地球/感动/剧情/小说/只/电影/实在/当不起/科幻电影/名头/只能/说/一个/特效/太/成熟/灾难片/科幻/科技/这部/电影/太空舱/机器人/挺/高级/地方/看出/科学/元素/或者说/电影/突出/众人/团结/力量/伟大/忽略/科学/事实/因素/情感/人类/利益/之上/这点/主角/傻子/却/苟到/最后/看出/众人/团结/场景/挺/感人/分为/支持/国产电影/期待/进步/,79938.68658557958
电影很好看，但是灾难面前，没有提现党的力量。,电影/很/好看/，/但是/灾难/面前/，/没有/提现/党/的/力量/。,电影/好看/灾难/面前/提现/党/力量/,3.247437168119
很精彩，创意比较新,很/精彩/，/创意/比较/新,精彩/创意/比较/新/,7.275529757220999
小女孩话太多，故意加戏吧,小女孩/话/太/多/，/故意/加戏/吧,小女孩/话/太/加戏/,-1.03394502051
节奏很紧凑，特效非常好，666，值得一看,节奏/很/紧凑/，/特效/非常/好/，/666/，/值得一看,节奏/紧凑/特效/好/666/值得一看/,1.74024434910375
特别推荐，特别走心～,特别/推荐/，/特别/走心/～,特别/推荐/特别/走心/,1.946059228
本来对国产科幻片不感冒的，结果。。。。太棒了,本来/对/国产/科幻片/不/感冒/的/，/结果/。/。/。/。/太棒了,本来/国产/科幻片/感冒/太棒了/,-3.7679250411300003
真的好看 国产科幻片挺震撼的 吴京投入木星那块落泪了 值得二刷,真的/好看/ /国产/科幻片/挺/震撼/的/ /吴京/投入/木星/那/块/落泪/了/ /值得/二刷,真的/好看/ /国产/科幻片/挺/震撼/ /吴京/投入/木星/块/落泪/ /值得/二刷/,7.252095430557199
终于看到中国人也能拯救地球了,终于/看到/中国/人/也/能/拯救/地球/了,终于/看到/中国/人/拯救/地球/,1.3770902618131
还好吧，虽然没有期待的原著剧情(地球叛军)，但电影和小说终是有着本质区别的，这也是正常的，剧情有点点水，不过，特效场景还是很震撼人心的，让人可以意识到，中国的特效、中国的科幻，也是不低于其他西方国家的。,还好/吧/，/虽然/没有/期待/的/原著/剧情/(/地球/叛军/)/，/但/电影/和/小说/终/是/有着/本质区别/的/，/这/也/是/正常/的/，/剧情/有/点点/水/，/不过/，/特效/场景/还是/很/震撼人心/的/，/让/人/可以/意识/到/，/中国/的/特效/、/中国/的/科幻/，/也/是/不/低于/其他/西方/国家/的/。,还好/期待/原著/剧情/地球/叛军/电影/小说/终/有着/本质区别/正常/剧情/点点/水/特效/场景/震撼人心/人/意识/中国/特效/中国/科幻/低于/西方/国家/,4.3667207693356005
给满分，首先给拍摄的角度和后期剪辑能力点赞，第二个细节的切入给满分，每个人都有存在的意义和特色，视觉的冲击感很强,给/满分/，/首先/给/拍摄/的/角度/和/后期/剪辑/能力/点赞/，/第二个/细节/的/切入/给/满分/，/每个/人/都/有/存在/的/意义/和/特色/，/视觉/的/冲击/感/很/强,满分/拍摄/角度/后期/剪辑/能力/点赞/第二个/细节/切入/满分/每个/人/存在/意义/特色/视觉/冲击/感/强/,13.347410275382998
中国的科幻电影有进步,中国/的/科幻电影/有/进步,中国/科幻电影/进步/,2.7857603098420003
一般般，故事硬伤太多，牵强，,一般般/，/故事/硬伤/太/多/，/牵强/，,一般般/故事/硬伤/太/牵强/,-0.40502478796675023
电影非常不错.,电影/非常/不错/.,电影/不错/,3.204099454495
拍的效果很好 给人感觉很震撼 很喜欢,拍/的/效果/很/好/ /给/人/感觉/很/震撼/ /很/喜欢,拍/效果/好/ /人/感觉/震撼/ /喜欢/,8.37752562911725
还可以。和原著有区别,还/可以/。/和/原著/有/区别,原著/区别/,-0.22824132707000003
除了说教部分让人有些出戏，整体感觉流畅，期待中国科幻电影快快成长。,除了/说教/部分/让/人/有些/出戏/，/整体/感觉/流畅/，/期待/中国/科幻电影/快快/成长/。,说教/部分/人/出戏/整体/感觉/流畅/期待/中国/科幻电影/快快/成长/,9.220658443175
很震撼，很感动！人物的心理深刻表现出来，值得去看！,很/震撼/，/很/感动/！/人物/的/心理/深刻/表现/出来/，/值得/去/看/！,震撼/感动/人物/心理/深刻/表现/值得/,5.964261936817
没啥好说的了，远超预期，还会去二刷,没/啥/好/说/的/了/，/远超/预期/，/还会/去/二刷,好/说/远超/预期/还会/二刷/,0.43418341556800005
再也不怕看中国科幻片了！不管从电影到我工业风，物理学支撑，演员的演技，统统在线。骄傲！,再也/不怕/看/中国/科幻片/了/！/不管/从/电影/到/我/工业/风/，/物理学/支撑/，/演员/的/演技/，/统统/在线/。/骄傲/！,再也/中国/科幻片/电影/工业/风/物理学/支撑/演员/演技/统统/在线/骄傲/,8.1904199380364
还不错 挺好看的,还/不错/ /挺/好看/的,不错/ /挺/好看/,4.165943355956
震撼及感动，到目前为止最好的中国科幻片，东方的智慧、情感、美学都得到体现。加油，更好，期待!,震撼/及/感动/，/到/目前为止/最好/的/中国/科幻片/，/东方/的/智慧/、/情感/、/美学/都/得到/体现/。/加油/，/更好/，/期待/!,震撼/感动/目前为止/最好/中国/科幻片/东方/智慧/情感/美学/得到/体现/加油/更好/期待/,13.530916488359
不知道怎么说挺失望的这么高的评分咋回事啊，我看的想睡觉,不/知道/怎么/说/挺/失望/的/这么/高/的/评分/咋/回事/啊/，/我/看/的/想/睡觉,知道/说/挺/失望/高/评分/回事/想/睡觉/,-0.41433722155920005
国产科幻加油！,国产/科幻/加油/！,国产/科幻/加油/,2.926120005905
超出我的想象了 看的有点想哭 一是因为剧情 二是中国科幻终于有希望了！,超出/我/的/想象/了/ /看/的/有点/想/哭/ /一/是因为/剧情/ /二是/中国/科幻/终于/有/希望/了/！,超出/想象/ /有点/想/哭/ /是因为/剧情/ /二是/中国/科幻/终于/希望/,-3.5854878105018
好看，珍惜现在的幸福生活,好看/，/珍惜/现在/的/幸福生活,好看/珍惜/现在/幸福生活/,2.141902286957
非常好看，这就是中国科幻电影的开始,非常/好看/，/这/就是/中国/科幻电影/的/开始,好看/中国/科幻电影/,1.9475423780119998
赞！科幻电影中国也可以做得很好！,赞/！/科幻电影/中国/也/可以/做/得/很/好/！,赞/科幻电影/中国/做/好/,3.3663539399444002
像极了老美的大片，特效顶尖，剧情垃圾，显得很没文化的样子。,像/极了/老/美的/大片/，/特效/顶尖/，/剧情/垃圾/，/显得/很/没/文化/的/样子/。,美的/大片/特效/顶尖/剧情/垃圾/显得/文化/样子/,6.839266743605598
有点好莱坞大片的感觉，我们自己的孩子为什么不支持？,有点/好莱坞/大片/的/感觉/，/我们/自己/的/孩子/为什么/不/支持/？,有点/好莱坞/大片/感觉/孩子/支持/,4.8831638648243
刘慈欣的小说将科技和人文思想高度结合，深入挖掘了科学中的美学因素。他作品中深广的忧郁感和民族主义思想也是他深受读者喜爱的重要原因。里面藏满了宇宙文明史中科学与技术创造出来的超越常人想象的神迹。进入刘慈欣的世界，你立刻会感受到如粒子风暴般扑面而来的澎湃的激情——对科学，对技术的激情。过去无数岁月中早已成为人类精神支柱的太阳一下成了死亡和恐怖的象征。比起坐以待毙，人类选择了希望。,刘慈欣/的/小说/将/科技/和/人文/思想/高度/结合/，/深入/挖掘/了/科学/中/的/美学/因素/。/他/作品/中/深广/的/忧郁/感/和/民族主义/思想/也/是/他/深受/读者/喜爱/的/重要/原因/。/里面/藏满/了/宇宙/文明史/中/科学/与/技术/创造/出来/的/超越/常人/想象/的/神迹/。/进入/刘慈欣/的/世界/，/你/立刻/会/感受/到/如/粒子/风暴/般/扑面而来/的/澎湃/的/激情/—/—/对/科学/，/对/技术/的/激情/。/过去/无数/岁月/中/早已/成为/人类/精神支柱/的/太阳/一下/成/了/死亡/和/恐怖/的/象征/。/比起/坐以待毙/，/人类/选择/了/希望/。,刘慈欣/小说/科技/人文/思想/高度/结合/深入/挖掘/科学/中/美学/因素/作品/中/深广/忧郁/感/民族主义/思想/深受/读者/喜爱/重要/原因/里面/藏满/宇宙/文明史/中/科学/技术/创造/超越/常人/想象/神迹/进入/刘慈欣/世界/感受/粒子/风暴/般/扑面而来/澎湃/激情/科学/技术/激情/过去/无数/岁月/中/早已/成为/人类/精神支柱/太阳/一下/成/死亡/恐怖/象征/坐以待毙/人类/选择/希望/,32.55123007919705
作为中国科幻这个分数差不多了,作为/中国/科幻/这个/分数/差不多/了,中国/科幻/分数/,-0.361380298679
震撼！！！称得上为中国灾难科幻片的里程碑！画面制作恢宏磅礴，科幻视角逼真震撼，但我觉得《流浪地球》最成功的点是：亲情和团结。不管是过去还是现在，中国同胞始终把亲人放在第一位，在地球快毁灭时，不是享受当下，而是“抱抱家人，说句再见。”逆时营救，不是单枪匹马，而是齐心协力，同归于尽；出门在外，不是“早日归来”，而是“安全出行第一步”。明明知道生存的几率微乎其微，但在末日来临之际，“我们选择希望”；当末日来临之际，我们并非是放弃地球，而是与地球，一起流浪。,震撼/！/！/！/称得上/为/中国/灾难/科幻片/的/里程碑/！/画面/制作/恢宏/磅礴/，/科幻/视角/逼真/震撼/，/但/我/觉得/《/流浪/地球/》/最/成功/的/点/是/：/亲情/和/团结/。/不管/是/过去/还是/现在/，/中国/同胞/始终/把/亲人/放在/第一位/，/在/地球/快/毁灭/时/，/不是/享受/当下/，/而是/“/抱抱/家人/，/说句/再见/。/”/逆时/营救/，/不是/单枪匹马/，/而是/齐心协力/，/同归于尽/；/出门在外/，/不是/“/早日/归来/”/，/而是/“/安全/出行/第一步/”/。/明明/知道/生存/的/几率/微乎其微/，/但/在/末日来临/之际/，/“/我们/选择/希望/”/；/当/末日来临/之际/，/我们/并非/是/放弃/地球/，/而是/与/地球/，/一起/流浪/。,震撼/称得上/中国/灾难/科幻片/里程碑/画面/制作/恢宏/磅礴/科幻/视角/逼真/震撼/觉得/流浪/地球/最/成功/点/亲情/团结/过去/现在/中国/同胞/始终/亲人/放在/第一位/地球/毁灭/时/享受/抱抱/家人/说句/再见/逆时/营救/单枪匹马/齐心协力/同归于尽/出门在外/早日/归来/安全/出行/第一步/明明/知道/生存/几率/微乎其微/末日来临/之际/选择/希望/末日来临/之际/放弃/地球/地球/一起/流浪/,-30.610821851948593
非常好看，演员演得都很好,非常/好看/，/演员/演得/都/很/好,好看/演员/演得/好/,2.54580228826
效果一般，为中国精神加油！,效果/一般/，/为/中国/精神/加油/！,效果/中国/精神/加油/,5.160217263444
特别完美的中国科幻片,特别/完美/的/中国/科幻片,特别/完美/中国/科幻片/,3.375131694572
可以看一看吧,可以/看一看/吧,看一看/,0
中国的第一部科幻片，比外国的有人情味。特效也很震撼。很好，很精彩！,中国/的/第一部/科幻片/，/比/外国/的/有/人情味/。/特效/也/很/震撼/。/很/好/，/很/精彩/！,中国/第一部/科幻片/外国/人情味/特效/震撼/好/精彩/,9.162706739213
感觉很震撼，希望中国的电影越来越好！,感觉/很/震撼/，/希望/中国/的/电影/越来越/好/！,感觉/震撼/希望/中国/电影/越来越/好/,3.481954634031
还行   有点堵心,还/行/ / / /有点/堵心,行/ / / /有点/堵心/,-0.515138196019
中国顶尖级别的科幻大作，特效9.5分！人物形象塑造的不错(*??╰╯`?)?。故事很新颖，刘慈欣的强大脑洞啊?????很强很强。电影满座了，全程无尿点，强烈推荐去支持一下票房！！中国电影要崛起了！！！,中国/顶尖级/别的/科幻/大作/，/特效/9.5/分/！/人物形象/塑造/的/不错/(/*/?/?/╰/╯/`/?/)/?/。/故事/很/新颖/，/刘慈欣/的/强/大脑/洞/啊/?/?/?/?/?/很强/很/强/。/电影/满座/了/，/全程无/尿点/，/强烈推荐/去/支持/一下/票房/！/！/中国/电影/要/崛起/了/！/！/！,中国/顶尖级/科幻/大作/特效/9.5/分/人物形象/塑造/不错/╰/╯/故事/新颖/刘慈欣/强/大脑/洞/很强/强/电影/满座/全程无/尿点/强烈推荐/支持/一下/票房/中国/电影/崛起/,6.838525280543002
不错，脑洞大开,不错/，/脑洞/大开,不错/脑洞/大开/,2.65135097006
超级好看，很震撼,超级/好看/，/很/震撼,超级/好看/震撼/,3.4146096947199998
不错，突破中国电影科幻片瓶颈。,不错/，/突破/中国/电影/科幻片/瓶颈/。,不错/突破/中国/电影/科幻片/瓶颈/,3.602566372637
题材不一样，好看,题材/不/一样/，/好看,题材/好看/,2.100810796788
情节完整 特效加分 故事没有拖后腿 除了主演差点 剩下都还好,情节/完整/ /特效/加/分/ /故事/没有/拖后腿/ /除了/主演/差点/ /剩下/都/还好,情节/完整/ /特效/加/分/ /故事/拖后腿/ /主演/差点/ /剩下/还好/,-0.6063672714178996
电影票买的值！,电影票/买/的/值/！,电影票/买/值/,0.933347181794
很真实，很科幻。,很/真实/，/很/科幻/。,真实/科幻/,0.11526510177100002
炸的很，nice,炸/的/很/，/nice,炸/nice/,-0.714856957497
属于中国人的科幻片，点赞,属于/中国/人/的/科幻片/，/点赞,属于/中国/人/科幻片/点赞/,2.046235596287
为有牺牲多壮志，敢叫日月换新天,为/有/牺牲/多/壮志/，/敢/叫/日月/换新天,牺牲/壮志/日月/换新天/,0.739599284304
全家总动员！一开始看得比较无聊，最后半小时还可以！特效还是可以的。。,全家/总动员/！/一/开始/看/得/比较/无聊/，/最后/半小时/还/可以/！/特效/还是/可以/的/。/。,全家/总动员/比较/无聊/最后/半小时/特效/,2.58931284574618
流浪地球，中国科幻的希望，好看值得欣赏！?( ?????ω????? )?,流浪/地球/，/中国/科幻/的/希望/，/好看/值得/欣赏/！/?/(/ /?/?/?/?/?/ω/?/?/?/?/?/ /)/?,流浪/地球/中国/科幻/希望/好看/值得/欣赏/ /ω/ /,9.2092450174662
非常好，科技和中国亲情相结合，真的开创了中国科幻电影新开端,非常/好/，/科技/和/中国/亲情/相结合/，/真的/开创/了/中国/科幻电影/新/开端,好/科技/中国/亲情/相结合/真的/开创/中国/科幻电影/新/开端/,6.416659558371999
整体不错，故事的引子还是有点老套，过度不够。总体还是不错的！推荐,整体/不错/，/故事/的/引子/还是/有点/老套/，/过度/不够/。/总体/还是/不错/的/！/推荐,整体/不错/故事/引子/有点/老套/过度/不够/总体/不错/推荐/,10.025101548879201
的确很好看的,的确/很/好看/的,好看/,1.26216032158
好看，真心不错，国产元年,好看/，/真心/不错/，/国产/元年,好看/真心/不错/国产/元年/,5.166238099915001
给9分，少1分因为我觉得部分剧情有一点点不妥当，感觉有点尴尬……但是特效演技和整体剧情完全可以吹爆了,给/9/分/，/少/1/分/因为/我/觉得/部分/剧情/有/一点点/不/妥当/，/感觉/有点/尴尬/…/…/但是/特效/演技/和/整体/剧情/完全/可以/吹/爆/了,分/少/分/觉得/部分/剧情/一点点/妥当/感觉/有点/尴尬/特效/演技/整体/剧情/完全/吹/爆/,-0.0077804454274595924
看得我打瞌睡,看得/我/打瞌睡,看得/打瞌睡/,-1.77105471721
后半场太困，睡了,后半场/太困/，/睡/了,后半场/太困/睡/,-1.21842050447
感受:第一效果好，不输好莱坞，中国效果进步太大。第二剧情好，有头有尾有泪点有笑点，祝愿中国电影越来越高，越来越好,感受/:/第一/效果/好/，/不输/好莱坞/，/中国/效果/进步/太/大/。/第二/剧情/好/，/有头有尾/有泪点/有/笑/点/，/祝愿/中国/电影/越来越/高/，/越来越/好,感受/第一/效果/好/不输/好莱坞/中国/效果/进步/太/第二/剧情/好/有头有尾/有泪点/笑/点/祝愿/中国/电影/越来越/高/越来越/好/,26.940127967075064
怀着敬畏之心看完的 真的很好看 中国科幻电影的元年来了 大刘赶紧写下一部 郭帆赶紧拍下一部,怀着/敬畏/之心/看/完/的/ /真的/很/好看/ /中国/科幻电影/的/元年/来/了/ /大/刘/赶紧/写下/一部/ /郭帆/赶紧/拍/下/一部,怀着/敬畏/之心/完/ /真的/好看/ /中国/科幻电影/元年/ /刘/赶紧/写下/一部/ /郭帆/赶紧/拍/下/一部/,6.401840879096
不错特别好看,不错/特别/好看,不错/特别/好看/,4.860131532825
中国风震撼科幻片，自豪,中国/风/震撼/科幻片/，/自豪,中国/风/震撼/科幻片/自豪/,4.453267485712
值得去捧场的电影。电影院设施太差了，作为衢州西区核心区域，这样的硬件设施真失望,值得/去/捧场/的/电影/。/电影院/设施/太差/了/，/作为/衢州/西区/核心/区域/，/这样/的/硬件/设施/真/失望,值得/捧场/电影/电影院/设施/太差/衢州/西区/核心/区域/硬件/设施/真/失望/,9.866700859741702
太棒了、绝对贺岁最狠的片、一点不逊色好莱坞的科幻大片、一定要看MAX、还想再看一遍,太棒了/、/绝对/贺岁/最狠/的/片/、/一点/不/逊色/好莱坞/的/科幻/大片/、/一定/要/看/MAX/、/还/想/再/看一遍,太棒了/贺岁/最狠/片/一点/逊色/好莱坞/科幻/大片/一定/MAX/想/再/看一遍/,6.242994164345401
不看会后悔，多刷多享受，来吧,不/看会/后悔/，/多刷/多/享受/，/来/吧,看会/后悔/多刷/享受/,-0.055661635459999914
很好看，效果剧情都很好,很/好看/，/效果/剧情/都/很/好,好看/效果/剧情/好/,2.519738704644
真的很不错。,真的/很/不错/。,真的/不错/,1.3920292356900001
这才两天，美分就上班了，没有x生活嘛?,这才/两天/，/美分/就/上班/了/，/没有/x/生活/嘛/?,这才/两天/美分/上班/x/生活/,0.6429261191139999
春节档首推！已具备好莱坞经典科幻片质感，前半部分比后半部分更流畅。视效一流，配乐一流，部分演员表演略生硬，编剧后半部分失水准，豆二娃说如果在最后吴京撞木星时来首“夜空中最亮的星”就好了，我说太low，应该配张国荣的“明星”。[捂脸],春节/档/首推/！/已/具备/好莱坞/经典/科幻片/质感/，/前半部/分比后/半/部分/更/流畅/。/视效/一流/，/配乐/一流/，/部分/演员/表演/略/生硬/，/编剧/后/半/部分/失/水准/，/豆二娃/说/如果/在/最后/吴京/撞/木星/时来首/“/夜空/中/最亮/的/星/”/就/好/了/，/我/说/太/low/，/应该/配/张国荣/的/“/明星/”/。/[/捂脸/],春节/档/首推/已/具备/好莱坞/经典/科幻片/质感/前半部/分比后/部分/流畅/视效/一流/配乐/一流/部分/演员/表演/生硬/编剧/后/部分/失/水准/豆二娃/说/最后/吴京/撞/木星/时来首/夜空/中/最亮/星/好/说/太/low/应该/配/张国荣/明星/捂脸/,19.93941235217606
超爆超好看，绝对五星狂赞！中国科幻片终于可以站起来了！,超爆超/好看/，/绝对/五星/狂赞/！/中国/科幻片/终于/可以/站/起来/了/！,超爆超/好看/五星/狂赞/中国/科幻片/终于/站/,3.874915772124
挺好，超过预期！没想到国产科幻也有好片！,挺/好/，/超过/预期/！/没想到/国产/科幻/也/有/好片/！,挺/好/超过/预期/没想到/国产/科幻/好片/,0.35885987685200005
刘慈欣的科幻小说很好看 这部电影就从电影来说分还是给高了 可是我很高兴能看到这样一部中国科幻电影。,刘慈欣/的/科幻小说/很/好看/ /这部/电影/就/从/电影/来说/分/还是/给/高/了/ /可是/我/很/高兴/能/看到/这样/一部/中国/科幻电影/。,刘慈欣/科幻小说/好看/ /这部/电影/电影/来说/分/高/ /高兴/看到/一部/中国/科幻电影/,6.2375126329259
剧情很感人 特效效果很好 剧情很饱满 场面很震撼,剧情/很/感人/ /特效/效果/很/好/ /剧情/很/饱满/ /场面/很/震撼,剧情/感人/ /特效/效果/好/ /剧情/饱满/ /场面/震撼/,5.4361642430365
故事精彩程度不够，但是值得鼓励的是来自国内中国,故事/精彩/程度/不够/，/但是/值得/鼓励/的/是/来自/国内/中国,故事/精彩/程度/不够/值得/鼓励/来自/国内/中国/,9.385147190691999
好看，泪奔，太夸张……,好看/，/泪奔/，/太/夸张/…/…,好看/泪奔/太/夸张/,-3.7645161954725
看到其他国家的支援队全都在放弃的时候回头去支援真的很感动他们都回去了你呢,看到/其他/国家/的/支援/队/全都/在/放弃/的/时候/回头/去/支援/真的/很/感动/他们/都/回去/了/你/呢,看到/国家/支援/队/放弃/回头/支援/真的/感动/回去/,1.7154258760099999
必须赞一下，值了,必须/赞/一下/，/值/了,赞/一下/值/,3.420209095359
科技感很强，很棒的片子,科技/感/很/强/，/很棒/的/片子,科技/感/强/很棒/片子/,1.032971316567
国产科幻no1,国产/科幻/no1,国产/科幻/no1/,1.478605403895
好看啊。。。,好看/啊/。/。/。,好看/,1.26216032158
大儿子买票带他舅舅一起去的,大儿子/买票/带/他/舅舅/一起/去/的,大儿子/买票/舅舅/一起/,2.418226321063
很好看，吴京让我很感动,很/好看/，/吴京/让/我/很/感动,好看/吴京/感动/,3.4302683676630004
好看好看好看,好看/好看/好看,好看/好看/好看/,0
从剧情到特效都不错?,从/剧情/到/特效/都/不错/?,剧情/特效/不错/,3.178994111674
很好看的一部片子，,很/好看/的/一部/片子/，,好看/一部/片子/,0.4972295053429999
真的是中国电影上的一个里程碑,真的/是/中国/电影/上/的/一个/里程碑,真的/中国/电影/一个/里程碑/,2.1154736452069995
好看嗯。差不多,好看/嗯/。/差不多,好看/,1.26216032158
一般、话面可以,一般/、/话面/可以,话面/,0
这部电影代入感极强，说实话我之前对刘慈欣先生的作品不太感兴趣，看完影片后我想马上捧读他的作品，影片质量极佳，特效很棒，有几处很幽默的地方，而且我切实体会到了家的感觉，文明的延续是希望这种情感，关于吴京先生拍这部影片的轶事也是很有趣，总之吹爆这部影片，感觉比起好莱坞的很多优秀电影也有过之而无不及,这部/电影/代入/感极强/，/说实话/我/之前/对/刘慈欣/先生/的/作品/不太/感兴趣/，/看/完/影片/后/我/想/马上/捧读/他/的/作品/，/影片/质量/极佳/，/特效/很棒/，/有/几处/很/幽默/的/地方/，/而且/我/切实/体会/到/了/家/的/感觉/，/文明/的/延续/是/希望/这种/情感/，/关于/吴京/先生/拍/这部/影片/的/轶事/也/是/很/有趣/，/总之/吹/爆/这部/影片/，/感觉/比起/好莱坞/的/很多/优秀/电影/也/有过之而无不及,这部/电影/代入/感极强/说实话/之前/刘慈欣/先生/作品/不太/感兴趣/完/影片/后/想/捧读/作品/影片/质量/极佳/特效/很棒/几处/幽默/地方/切实/体会/家/感觉/文明/延续/希望/这种/情感/吴京/先生/拍/这部/影片/轶事/有趣/吹/爆/这部/影片/感觉/好莱坞/优秀/电影/有过之而无不及/,15.292611130367
超级好看！除了电影院旁边坐了一直一直bb的父子和后面也在一直bb的情侣之外,超级/好看/！/除了/电影院/旁边/坐/了/一直/一直/bb/的/父子/和/后面/也/在/一直/bb/的/情侣/之外,超级/好看/电影院/旁边/坐/一直/一直/bb/父子/后面/一直/bb/情侣/之外/,1.9362993784912996
棒棒哒，场景可媲美国外大片啦,棒棒/哒/，/场景/可/媲美/国外/大片/啦,棒棒/哒/场景/媲美/国外/大片/,5.3654746628679995
蛮震撼  算是贺岁片中较好的了,蛮/震撼/ / /算是/贺岁片/中较/好/的/了,震撼/ / /算是/贺岁片/中较/好/,3.3098401647491
特效完美，很喜欢,特效/完美/，/很/喜欢,特效/完美/喜欢/,6.137632862289999
不好看不好看,不/好看/不/好看,好看/好看/,1.26216032158
儿子选择的电影真的很好看，刺激、惊险，高科技化以及生命的脆弱．．．．．．电影刚刚结束了。里面最经典的一句话：＂让人类保持一种理智确实是一种奢求。＂哈哈???梦想就??希望！团结就是力量！???,儿子/选择/的/电影/真的/很/好看/，/刺激/、/惊险/，/高科技化/以及/生命/的/脆弱/．/．/．/．/．/．/电影/刚刚/结束/了/。/里面/最/经典/的/一句/话/：/＂/让/人类/保持/一种/理智/确实/是/一种/奢求/。/＂/哈哈/?/?/?/梦想/就/?/?/希望/！/团结/就是/力量/！/?/?/?,儿子/选择/电影/真的/好看/刺激/惊险/高科技化/生命/脆弱/．/．/．/．/．/．/电影/刚刚/结束/里面/最/经典/一句/话/＂/人类/保持/一种/理智/确实/一种/奢求/＂/梦想/希望/团结/力量/,7.7300687903026
真的挺不错的说,真的/挺不错/的/说,真的/挺不错/说/,-1.686483429027
这也算中国正式的科幻片了，想象大胆，角度出奇，情景科幻，直追欧美。但情节应再精彩，再紧张，更科幻些，减少浮躁情节，会更精彩！,这/也/算/中国/正式/的/科幻片/了/，/想象/大胆/，/角度/出奇/，/情景/科幻/，/直追/欧美/。/但/情节/应/再/精彩/，/再/紧张/，/更/科幻/些/，/减少/浮躁/情节/，/会/更/精彩/！,算/中国/正式/科幻片/想象/大胆/角度/出奇/情景/科幻/直追/欧美/情节/应/再/精彩/再/紧张/科幻/些/减少/浮躁/情节/精彩/,10.349741729641762
贼棒！！！！！,贼/棒/！/！/！/！/！,贼/棒/,1.99814253858
相当不错，很震撼。,相当/不错/，/很/震撼/。,相当/不错/震撼/,4.633421852150001
真的很好看，好久没有看到这么好看的电影了,真的/很/好看/，/好久/没有/看到/这么/好看/的/电影/了,真的/好看/好久/看到/好看/电影/,1.0200220995398999
电影拍的震撼，期待全系列,电影/拍/的/震撼/，/期待/全系列,电影/拍/震撼/期待/全系列/,5.757159742659
故事情节相对比较完整，逻辑性处理和内容科技含量再有深度些会更好。,故事情节/相对/比较/完整/，/逻辑性/处理/和/内容/科技含量/再有/深度/些/会/更好/。,故事情节/相对/比较/完整/逻辑性/处理/内容/科技含量/再有/深度/些/更好/,1.0475597608974
科幻题材选的不错，但是故事情节有些杂乱，场景描述不够完美！,科幻/题材/选/的/不错/，/但是/故事情节/有些/杂乱/，/场景/描述/不够/完美/！,科幻/题材/选/不错/故事情节/杂乱/场景/描述/不够/完美/,9.434340727577002
一、故事结构整部影片以时间变换为线索，中间有一些故事插入补充，丰富了整个故事，让整个故事结构显得完整。特别是其中伏笔的埋入特别的好，使得结尾变得比较自然。大刘的故事一向结构比较严谨，此片秉承了其一贯的风格。空地两个叙述面，情感变换的起伏与波动使得全片一波三折，十分耐看。二、影片感触影片讲述了在地球面临太阳爆炸威胁时人们的自救行动:“流浪地球”计划应运而生。随着计划的推进，时间的流逝，昔日的孩子已经长成为顶天立地的男子汉，伴随着刘启走出地下城，一个又一个问题扑面而来，面对这一切，刘启从最初的抗拒到经历诸多事件后变得配合，再到最后为了地球，亲人，不顾一切完成计划，一个人的成长展现在了我们面前,一/、/故事/结构/整部/影片/以/时间/变换/为/线索/，/中间/有/一些/故事/插入/补充/，/丰富/了/整个/故事/，/让/整个/故事/结构/显得/完整/。/特别/是/其中/伏笔/的/埋入/特别/的/好/，/使得/结尾/变得/比较/自然/。/大/刘/的/故事/一向/结构/比较/严谨/，/此片/秉承/了/其/一贯/的/风格/。/空地/两个/叙述/面/，/情感/变换/的/起伏/与/波动/使得/全片/一波三折/，/十分/耐看/。/二/、/影片/感触/影片/讲述/了/在/地球/面临/太阳/爆炸/威胁/时/人们/的/自救/行动/:/“/流浪/地球/”/计划/应运而生/。/随着/计划/的/推进/，/时间/的/流逝/，/昔日/的/孩子/已经/长/成为/顶天立地/的/男子汉/，/伴随/着/刘启/走出/地下城/，/一个/又/一个/问题/扑面而来/，/面对/这/一切/，/刘启/从/最初/的/抗拒/到/经历/诸多/事件/后/变得/配合/，/再/到/最后/为了/地球/，/亲人/，/不顾一切/完成/计划/，/一个/人/的/成长/展现/在/了/我们/面前,故事/结构/整部/影片/时间/变换/线索/中间/一些/故事/插入/补充/丰富/整个/故事/整个/故事/结构/显得/完整/特别/伏笔/埋入/特别/好/结尾/变得/比较/自然/刘/故事/一向/结构/比较/严谨/此片/秉承/一贯/风格/空地/两个/叙述/面/情感/变换/起伏/波动/全片/一波三折/十分/耐看/影片/感触/影片/讲述/地球/面临/太阳/爆炸/威胁/时/人们/自救/行动/流浪/地球/计划/应运而生/计划/推进/时间/流逝/昔日/孩子/已经/长/成为/顶天立地/男子汉/伴随/刘启/走出/地下城/一个/一个/问题/扑面而来/面对/刘启/最初/抗拒/经历/诸多/事件/后/变得/配合/再/最后/地球/亲人/不顾一切/完成/计划/一个/人/成长/展现/面前/,246.43621786142546
没什么文化 只能一句**走天下 超级好看 最后吴京到木星的时候 泪目,没什么/文化/ /只能/一句/*/*/走/天下/ /超级/好看/ /最后/吴京到/木星/的/时候/ /泪目,没什么/文化/ /只能/一句/走/天下/ /超级/好看/ /最后/吴京到/木星/ /泪目/,3.28357081741268
前一个小时比较枯燥，虽然场面大气，特效顶级。但多半以叙述为主。并没有作为灾难片该有的紧张刺激。直到影片过了一个小时开始，越来越多的冒险镜头配合大气磅礴的场面接踵而至，紧张刺激感爆棚配合顶级特效让你会忘掉前一个小时的铺垫，会直接被带入到影片剧情中来，去体验拯救地球的快感！,前/一个/小时/比较/枯燥/，/虽然/场面/大气/，/特效/顶级/。/但/多半/以/叙述/为主/。/并/没有/作为/灾难片/该/有/的/紧张/刺激/。/直到/影片/过/了/一个/小时/开始/，/越来越/多/的/冒险/镜头/配合/大气磅礴/的/场面/接踵而至/，/紧张/刺激/感/爆棚/配合/顶级/特效/让/你/会/忘掉/前/一个/小时/的/铺垫/，/会/直接/被/带入/到/影片/剧情/中来/，/去/体验/拯救/地球/的/快感/！,前/一个/小时/比较/枯燥/场面/大气/特效/顶级/多半/叙述/为主/灾难片/紧张/刺激/直到/影片/一个/小时/越来越/冒险/镜头/配合/大气磅礴/场面/接踵而至/紧张/刺激/感/爆棚/配合/顶级/特效/忘掉/前/一个/小时/铺垫/直接/带入/影片/剧情/中来/体验/拯救/地球/快感/,45.64359315956384
真的是中国近100年内拍得最好的科幻 电影,真的/是/中国/近/100/年内/拍/得/最好/的/科幻/ /电影,真的/中国/100/年内/拍/最好/科幻/ /电影/,3.114216396208
好看很好看 很好,好看/很/好看/ /很/好,好看/好看/ /好/,1.26216032158
等中国人拯救地球多少年了，等告别5毛特效多少年了,等/中国/人/拯救/地球/多少/年/了/，/等/告别/5/毛/特效/多少/年/了,中国/人/拯救/地球/年/告别/毛/特效/年/,2.8846332255012004
真是不咋滴呀。零下80多度就带个头盔就没事了，太假了。剧情好老土呀，用死人来博取眼泪，一点都不先进，开头还以为回到三四十年代，后期一些高科技的东西感觉是国外用烂的机器一样。不知道9.4分怎么来的。,真是/不/咋/滴/呀/。/零下/80/多度/就/带个/头盔/就/没事/了/，/太假/了/。/剧情/好/老土/呀/，/用/死/人来/博取/眼泪/，/一点/都/不/先进/，/开头/还/以为/回到/三四十/年代/，/后期/一些/高科技/的/东西/感觉/是/国外/用烂/的/机器/一样/。/不/知道/9.4/分/怎么/来/的/。,真是/滴/零下/80/多度/带个/头盔/没事/太假/剧情/好/老土/死/人来/博取/眼泪/一点/先进/开头/以为/回到/三四十/年代/后期/一些/高科技/东西/感觉/国外/用烂/机器/知道/9.4/分/,-5.015543261371143
好看，值得推荐,好看/，/值得/推荐,好看/值得/推荐/,5.56906265717
别去看豆瓣的评分,别去/看/豆瓣/的/评分,别去/豆瓣/评分/,2.297887115226
里程碑之作，原著到电影真正的不输欧美了，更别说什么韩日印了～～,里程碑/之作/，/原著/到/电影/真正/的/不输/欧美/了/，/更/别说/什么/韩日/印/了/～/～,里程碑/之作/原著/电影/真正/不输/欧美/韩日/印/,6.8786875316969995
还好吧 你吸我气我炸你球 同归于尽好于坐以待毙,还好/吧/ /你/吸/我/气/我/炸/你/球/ /同归于尽/好于/坐以待毙,还好/ /吸/气/炸/球/ /同归于尽/好于/坐以待毙/,-6.064907148643201
非常不错，画面特别震撼，唯一是节奏较缓慢,非常/不错/，/画面/特别/震撼/，/唯一/是/节奏/较/缓慢,不错/画面/特别/震撼/唯一/节奏/缓慢/,4.428585049924251
中国科幻的元年终于来了。看着小破球在茫茫宇宙拖着尾迹前行，那一刻我感受到了一种宇宙的浩瀚与苍凉。2500年，中国半个历史，一百代人，茫茫星辰大海，前途未知。流浪地球是全部地球人的一次探险，地球在漂泊，我们有家人。最后救援队集体转向众志成城的时候，我才明白不同于2012，不同于火星救援，中国的科幻，是普通人的科幻。,中国/科幻/的/元年/终于/来/了/。/看着/小破球/在/茫茫/宇宙/拖/着/尾迹/前行/，/那一刻/我/感受/到/了/一种/宇宙/的/浩瀚/与/苍凉/。/2500/年/，/中国/半个/历史/，/一/百代/人/，/茫茫/星辰/大海/，/前途/未知/。/流浪/地球/是/全部/地球/人/的/一次/探险/，/地球/在/漂泊/，/我们/有/家人/。/最后/救援队/集体/转向/众志成城/的/时候/，/我/才/明白/不同于/2012/，/不同于/火星/救援/，/中国/的/科幻/，/是/普通人/的/科幻/。,中国/科幻/元年/终于/看着/小破球/茫茫/宇宙/拖/尾迹/前行/那一刻/感受/一种/宇宙/浩瀚/苍凉/2500/年/中国/半个/历史/百代/人/茫茫/星辰/大海/前途/未知/流浪/地球/全部/地球/人/一次/探险/地球/漂泊/家人/最后/救援队/集体/转向/众志成城/明白/不同于/2012/不同于/火星/救援/中国/科幻/普通人/科幻/,19.30349891461075
中国电影工业化的又一个标杆 顶,中国/电影/工业化/的/又/一个/标杆/ /顶,中国/电影/工业化/一个/标杆/ /顶/,3.414850757803
好看！是有疑惑的地方，但好久没看到科含量如此高的科幻了！人类命运共同体！！哈哈?,好看/！/是/有/疑惑/的/地方/，/但/好久没/看到/科/含量/如此/高/的/科幻/了/！/人类/命运/共同体/！/！/哈哈/?,好看/疑惑/地方/好久没/看到/科/含量/高/科幻/人类/命运/共同体/,3.58139311017094
**，那个说改造其他星球的喷子你有文化你就喷吗？你说都可以装推动器了干嘛不改造其他星球，拜托，地球生存的是靠太阳能，如果没有了太阳能，地球就和灭亡了差不多，而且太阳是要毁灭了，超新星爆炸的威力整个太阳系都可以不复存在，你说怎么居住在太阳系，况且都是多少年后的事情了，人类肯定有新能源新技术啊，再说在太阳快枯竭的时候，你觉得让地球脱离轨道，拜托引力会很难吗？人家也是请了中科院的院士来的，你有本事拿出你的文凭,*/*/，/那个/说/改造/其他/星球/的/喷子/你/有/文化/你/就/喷/吗/？/你/说/都/可以/装/推动器/了/干嘛/不/改造/其他/星球/，/拜托/，/地球/生存/的/是/靠/太阳能/，/如果/没有/了/太阳能/，/地球/就/和/灭亡/了/差不多/，/而且/太阳/是/要/毁灭/了/，/超新星/爆炸/的/威力/整个/太阳系/都/可以/不复存在/，/你/说/怎么/居住/在/太阳系/，/况且/都/是/多少/年/后/的/事情/了/，/人类/肯定/有/新能源/新/技术/啊/，/再说/在/太阳/快/枯竭/的/时候/，/你/觉得/让/地球/脱离/轨道/，/拜托/引力/会/很/难/吗/？/人家/也/是/请/了/中科院/的/院士/来/的/，/你/有/本事/拿出/你/的/文凭,说/改造/星球/喷子/文化/喷/说/装/推动器/干嘛/改造/星球/拜托/地球/生存/太阳能/太阳能/地球/灭亡/太阳/毁灭/超新星/爆炸/威力/整个/太阳系/不复存在/说/居住/太阳系/年/后/事情/人类/肯定/新能源/新/技术/太阳/枯竭/觉得/地球/脱离/轨道/拜托/引力/难/请/中科院/院士/本事/拿出/文凭/,2.8658369166104003
还可以，没有战狼好，和战狼比一个差远了。,还/可以/，/没有/战狼/好/，/和/战狼/比/一个/差远了/。,战狼/好/战狼/一个/差远了/,0
国产大片！一开始没有太高的期待，但影片不断有惊喜，场面宏大，也催人泪下！虽然个人觉得前面的铺垫不太够，导致影片前面部分的逻辑难以让人信服，但满满渐入佳境，惊喜不断！相当好看！感觉中国电影开始进入新纪元，太值得期待了！,国产/大片/！/一/开始/没有/太高/的/期待/，/但/影片/不断/有/惊喜/，/场面/宏大/，/也/催人泪下/！/虽然/个人/觉得/前面/的/铺垫/不太够/，/导致/影片/前面/部分/的/逻辑/难以/让/人/信服/，/但/满满/渐入佳境/，/惊喜/不断/！/相当/好看/！/感觉/中国/电影/开始/进入/新纪元/，/太/值得/期待/了/！,国产/大片/太高/期待/影片/不断/惊喜/场面/宏大/催人泪下/觉得/前面/铺垫/不太够/导致/影片/前面/部分/逻辑/难以/人/信服/满满/渐入佳境/惊喜/不断/相当/好看/感觉/中国/电影/进入/新纪元/太/值得/期待/,-13.150808147325703
还挺好的啦啦,还/挺/好/的/啦/啦,挺/好/,0
很好看的，中国科技大片,很/好看/的/，/中国/科技/大片,好看/中国/科技/大片/,3.967219505612
哭的稀里哗啦！！！！！超赞变感动！！！！！想二刷啊啊啊啊啊啊啊啊！儿子帅呆！虽然爸爸结局有点遗憾但是还是喜欢！特效绝对不是五毛钱！！！强势安利！！！?????,哭/的/稀里哗啦/！/！/！/！/！/超赞变/感动/！/！/！/！/！/想二刷/啊/啊啊啊/啊啊啊/啊/！/儿子/帅/呆/！/虽然/爸爸/结局/有点/遗憾/但是/还是/喜欢/！/特效/绝对/不是/五毛钱/！/！/！/强势/安利/！/！/！/?/?/?/?/?,哭/稀里哗啦/超赞变/感动/想二刷/啊啊啊/啊啊啊/儿子/帅/呆/爸爸/结局/有点/遗憾/喜欢/特效/五毛钱/强势/安利/,7.27833454851468
希望是像砖石一样珍贵的东西。        希望是我们一起回家！        以往我们看的灾难片都是关于部分人群，部分地域，部分物种，地球的一个小角落。        《流浪地球》，关于整个人类，整个生物，整个地球，整个宇宙……         制作齐肩好莱坞，情节藐视其他灾难片。这部由这个人领衔的电影，很好“,希望/是/像/砖石/一样/珍贵/的/东西/。/ / / / / / / / /希望/是/我们/一起/回家/！/ / / / / / / / /以往/我们/看/的/灾难片/都/是/关于/部分/人群/，/部分/地域/，/部分/物种/，/地球/的/一个/小/角落/。/ / / / / / / / /《/流浪/地球/》/，/关于/整个/人类/，/整个/生物/，/整个/地球/，/整个/宇宙/…/…/ / / / / / / / / /制作/齐肩/好莱坞/，/情节/藐视/其他/灾难片/。/这部/由/这个/人/领衔/的/电影/，/很/好/“,希望/砖石/珍贵/东西/ / / / / / / / /希望/一起/回家/ / / / / / / / /以往/灾难片/部分/人群/部分/地域/部分/物种/地球/一个/小/角落/ / / / / / / / /流浪/地球/整个/人类/整个/生物/整个/地球/整个/宇宙/ / / / / / / / / /制作/齐肩/好莱坞/情节/藐视/灾难片/这部/人/领衔/电影/好/,7.174271990434001
对于国内第一部科幻片 还算不错,对于/国内/第一部/科幻片/ /还/算/不错,国内/第一部/科幻片/ /算/不错/,2.268362439194
大刘不用说了，改编的也好，没大毛病。特别是年轻演员，煽情的好，主旋律也在，搞笑的地方也可以。正经的好莱坞式中国科幻电影，挺好看。,大/刘/不用说/了/，/改编/的/也好/，/没/大/毛病/。/特别/是/年轻/演员/，/煽情/的/好/，/主旋律/也/在/，/搞笑/的/地方/也/可以/。/正经/的/好莱坞/式/中国/科幻电影/，/挺/好看/。,刘/不用说/改编/毛病/特别/年轻/演员/煽情/好/主旋律/搞笑/地方/正经/好莱坞/式/中国/科幻电影/挺/好看/,27.128742125271362
几个小时从廊坊开车到赤道了yeah真的厉害哈哈哈哈哈哈哈 说是让吴京保护基因的 运送到新家园 现在倒好 全都撞掉算了哈哈哈哈哈哈哈 这电影不忍直视 没有金刚钻别揽瓷器活,几个/小时/从/廊坊/开车/到/赤道/了/yeah/真的/厉害/哈哈哈哈/哈哈哈/ /说/是/让/吴京/保护/基因/的/ /运送/到/新家园/ /现在/倒好/ /全都/撞/掉/算了/哈哈哈哈/哈哈哈/ /这/电影/不忍/直视/ /没有/金刚钻/别揽/瓷器活,几个/小时/廊坊/开车/赤道/yeah/真的/厉害/哈哈哈哈/哈哈哈/ /说/吴京/保护/基因/ /运送/新家园/ /现在/倒好/ /撞/掉/算了/哈哈哈哈/哈哈哈/ /电影/不忍/直视/ /金刚钻/别揽/瓷器活/,0.8028523669089999
很好 国产科幻一直在进步年度最佳国产,很/好/ /国产/科幻/一直/在/进步/年度/最佳/国产,好/ /国产/科幻/一直/进步/年度/最佳/国产/,5.7207310933463
自我感觉名字不好，都是其余原因去看的这部电影，看完就一句话完美,自我感觉/名字/不好/，/都/是/其余/原因/去/看/的/这部/电影/，/看/完/就/一句/话/完美,自我感觉/名字/不好/原因/这部/电影/完/一句/话/完美/,-1.3361224980489999
情节紧凑，画面逼真，感情真实。,情节/紧凑/，/画面/逼真/，/感情/真实/。,情节/紧凑/画面/逼真/感情/真实/,2.3299539273451
吹爆流浪地球！！！第一部让我全程没有看手机电影！！,吹/爆/流浪/地球/！/！/！/第一部/让/我/全程/没有/看/手机/电影/！/！,吹/爆/流浪/地球/第一部/全程/手机/电影/,0.9663370053230002
挺好的，继续加油,挺/好/的/，/继续/加油,挺/好/继续/加油/,3.526989238289
很棒，希望以后中国电影都有如此精彩的效果,很棒/，/希望/以后/中国/电影/都/有/如此/精彩/的/效果,很棒/希望/以后/中国/电影/精彩/效果/,6.453395180868
可以，科幻量很足，太空那差点意思，地面上效果很好，,可以/，/科幻/量/很/足/，/太空/那/差点/意思/，/地面/上/效果/很/好/，,科幻/量/足/太空/差点/意思/地面/效果/好/,0.16844202949999998
挺不错的，看的人热血澎湃。,挺不错/的/，/看/的/人/热血/澎湃/。,挺不错/人/热血/澎湃/,1.746474285413
对于国产灾难片来说进步很大，但离真正“大片”还有段距离。影片很多背景没交代清楚，事情进展逻辑也不对，台词我本人对有些方面不太喜欢。,对于/国产/灾难片/来说/进步/很大/，/但离/真正/“/大片/”/还有/段距离/。/影片/很多/背景/没/交代/清楚/，/事情/进展/逻辑/也/不/对/，/台词/我/本人/对/有些/方面/不太/喜欢/。,国产/灾难片/来说/进步/很大/但离/真正/大片/段距离/影片/背景/交代/清楚/事情/进展/逻辑/台词/方面/不太/喜欢/,6.154660795799
非常棒，推荐，已经连刷两遍！,非常/棒/，/推荐/，/已经/连刷/两遍/！,棒/推荐/已经/连刷/两遍/,3.375640138034
不错挺好的。,不错/挺/好/的/。,不错/挺/好/,2.65135097006
中国能拍出如此的科幻电影值得鼓励，以后再也不是外国科幻电影独霸了,中国/能/拍出/如此/的/科幻电影/值得/鼓励/，/以后/再也/不是/外国/科幻电影/独霸/了,中国/拍出/科幻电影/值得/鼓励/以后/再也/外国/科幻电影/独霸/,4.048188494843001
不错，很精彩。值得推荐,不错/，/很/精彩/。/值得/推荐,不错/精彩/值得/推荐/,9.45869176043
国产科幻片的里程碑，场面震撼，构思新颖，情节感人，值得观看的一步好电影！从此不用再纠结没有好看的国产科幻影片了！,国产/科幻片/的/里程碑/，/场面/震撼/，/构思新颖/，/情节/感人/，/值得/观看/的/一步/好/电影/！/从此/不用/再/纠结/没有/好看/的/国产/科幻影片/了/！,国产/科幻片/里程碑/场面/震撼/构思新颖/情节/感人/值得/观看/一步/好/电影/不用/再/纠结/好看/国产/科幻影片/,10.168472328681599
怎么说呢，最开始感觉里面的小女孩朵朵是个累赘，只能让别人照顾，可是剧情的发展慢慢对朵朵这个角色有个不一样的感受，整部剧有好几个哭点，（可能是我自己的累点比较低）姥爷离开了，刘启重新待着任务上路了，吴京扮演的刘培强牺牲了，真的一场场都是感人的画面，从这部剧中体会到我们未来的日子会不会也是这个样子，我们现在是不是应该做些什么，太多的事情从脑海中涌出，不得不说我们现在的地球真的变得好脆弱,怎么/说/呢/，/最/开始/感觉/里面/的/小女孩/朵朵/是/个/累赘/，/只能/让/别人/照顾/，/可是/剧情/的/发展/慢慢/对/朵朵/这个/角色/有个/不/一样/的/感受/，/整部/剧有/好几个/哭点/，/（/可能/是/我/自己/的/累点/比较/低/）/姥爷/离开/了/，/刘启/重新/待/着/任务/上路/了/，/吴京/扮演/的/刘培强/牺牲/了/，/真的/一场场/都/是/感人/的/画面/，/从/这部/剧中/体会/到/我们/未来/的/日子/会/不会/也/是/这个/样子/，/我们/现在/是不是/应该/做些/什么/，/太多/的/事情/从/脑海中/涌出/，/不得不/说/我们/现在/的/地球/真的/变得/好/脆弱,说/最/感觉/里面/小女孩/朵朵/累赘/只能/照顾/剧情/发展/慢慢/朵朵/角色/有个/感受/整部/剧有/好几个/哭点/累点/比较/低/姥爷/离开/刘启/重新/任务/上路/吴京/扮演/刘培强/牺牲/真的/一场场/感人/画面/这部/剧中/体会/未来/日子/样子/现在/是不是/应该/做些/太多/事情/脑海中/涌出/说/现在/地球/真的/变得/好/脆弱/,5.0132407723061
特效算是国产片的巅峰之作了，情节的细节处还是有些处理生硬。冲着这个特效10分也得给了。,特效/算是/国产片/的/巅峰/之作/了/，/情节/的/细节/处/还是/有些/处理/生硬/。/冲着/这个/特效/10/分/也/得/给/了/。,特效/算是/国产片/巅峰/之作/情节/细节/处/处理/生硬/冲着/特效/10/分/,3.5268801144491992
硬核科幻，剧情和特效简直太棒了！,硬核/科幻/，/剧情/和/特效/简直/太棒了/！,硬核/科幻/剧情/特效/太棒了/,0.14456880389900006
良心剧，超级刺激,良心/剧/，/超级/刺激,良心/剧/超级/刺激/,-0.4867722241589999
值得一看，有教育意义,值得一看/，/有/教育/意义,值得一看/教育/意义/,1.1287002172196
相当好看一部电影 唯独就是电影院隔音不太好建议去更好的电影院,相当/好看/一部/电影/ /唯独/就是/电影院/隔音/不太好/建议/去/更好/的/电影院,相当/好看/一部/电影/ /唯独/电影院/隔音/不太好/建议/更好/电影院/,-1.0426571659260004
perfect,perfect,perfect/,2.36419418955
好看，气势恢宏，引人深思。看到最后，我的泪出来了。儿子说，终于有国产科幻片可以跟国外的媲美了。,好看/，/气势恢宏/，/引人深思/。/看到/最后/，/我/的/泪/出来/了/。/儿子/说/，/终于/有/国产/科幻片/可以/跟/国外/的/媲美/了/。,好看/气势恢宏/引人深思/看到/最后/泪/儿子/说/终于/国产/科幻片/国外/媲美/,5.75285645024608
流浪地球这是国产科幻片的崛起，强推，好看，特感人,流浪/地球/这是/国产/科幻片/的/崛起/，/强推/，/好看/，/特/感人,流浪/地球/这是/国产/科幻片/崛起/强推/好看/特/感人/,2.33452383651045
很不错，可能我泪点比较低吧！都看哭了！说实话这个电影还是不错的，今年就这个电影觉得值回票价了,很/不错/，/可能/我泪点/比较/低/吧/！/都/看/哭/了/！/说实话/这个/电影/还是/不错/的/，/今年/就/这个/电影/觉得/值回/票价/了,不错/我泪点/比较/低/哭/说实话/电影/不错/今年/电影/觉得/值回/票价/,2.205699854473
国内能拍出这样的效果已经非常不错了，三体这部书我看过也非常棒,国内/能/拍出/这样/的/效果/已经/非常/不错/了/，/三体/这部/书/我/看过/也/非常/棒,国内/拍出/效果/已经/不错/三体/这部/书/看过/棒/,7.777057701937999
好看 不错的国产电影,好看/ /不错/的/国产电影,好看/ /不错/国产电影/,3.91351129164
二刷了，中国科幻里程碑之作,二刷/了/，/中国/科幻/里程碑/之作,二刷/中国/科幻/里程碑/之作/,2.438972557427
吹爆流浪地球啊！这特效！要哭了,吹/爆/流浪/地球/啊/！/这/特效/！/要/哭/了,吹/爆/流浪/地球/特效/哭/,-0.45051221463
非常好看的一部影片。,非常/好看/的/一部/影片/。,好看/一部/影片/,1.960754964792
中国第一部科幻片。,中国/第一部/科幻片/。,中国/第一部/科幻片/,0.685382056432
这部电影是目前中国最好的科幻片！好到已经可以跟国际水平相提并论！,这部/电影/是/目前/中国/最好/的/科幻片/！/好/到/已经/可以/跟/国际/水平/相提并论/！,这部/电影/目前/中国/最好/科幻片/好/已经/国际/水平/相提并论/,2.37512088319225
刘启人设有点事多，虽然不这样剧情没法推动，韩朵朵全球播报那里一大堆煽情的话，直接败坏好感。最让我惊喜的是那些建筑还有末世的设定，全程都在想怎么做出来的，我打算回去找原著看看。,刘启人/设有/点事/多/，/虽然/不/这样/剧情/没法/推动/，/韩/朵朵/全球/播报/那里/一大堆/煽情/的话/，/直接/败坏/好感/。/最/让/我/惊喜/的/是/那些/建筑/还有/末世/的/设定/，/全程/都/在/想/怎么/做/出来/的/，/我/打算/回去/找/原著/看看/。,刘启人/设有/点事/剧情/没法/推动/韩/朵朵/全球/播报/一大堆/煽情/直接/败坏/好感/最/惊喜/建筑/末世/设定/全程/想/做/打算/回去/找/原著/看看/,5.559987152353799
精彩！太棒了,精彩/！/太棒了,精彩/太棒了/,2.50043845478
好看，特效特别棒。但是没有看过原著的可能会看不懂啦！,好看/，/特效/特别/棒/。/但是/没有/看过/原著/的/可能/会/看不懂/啦/！,好看/特效/特别/棒/看过/原著/看不懂/,5.1838737605875
科幻效果非常好，剧情很完美，我看过很感动，增强我对现在生活的珍惜！,科幻/效果/非常/好/，/剧情/很/完美/，/我/看过/很/感动/，/增强/我/对/现在/生活/的/珍惜/！,科幻/效果/好/剧情/完美/看过/感动/增强/现在/生活/珍惜/,13.48192518240925
强烈推荐。绝对不后悔,强烈推荐/。/绝对/不/后悔,强烈推荐/后悔/,-2.40581400612
真的超级超级好看，强烈安利，打十分不怕骄傲,真的/超级/超级/好看/，/强烈/安利/，/打/十分/不怕/骄傲,真的/超级/超级/好看/强烈/安利/十分/骄傲/,5.367028510538999
好看，还想看第二次,好看/，/还/想/看/第二次,好看/想/第二次/,0.3614881175389999
好看！热血沸腾的,好看/！/热血沸腾/的,好看/热血沸腾/,1.26216032158
评论前要说一句，欧美科幻的舔狗请闭嘴。作为国产科幻，特效就目前来说已经是极致了，剧情上不算好，绝对不烂。尤其是太空航行设定，欧美科幻千篇一律的太空飞船星舰，我们是直接整个地球都带走，虽然不切实际，但是幻不就是不切实际么？人家也没说这片子是硬科幻啊。反正缺点是有，犯不着贬损谩骂，不要舔着欧美科幻的脚跟却对到国产科幻的进步嗤之以鼻。撇开特效，什么阿凡达2012地心引力铁血战士的剧情也不见得好到哪里去(?ω?),评论/前/要说/一句/，/欧美/科幻/的/舔/狗/请/闭嘴/。/作为/国产/科幻/，/特效/就/目前/来说/已经/是/极致/了/，/剧情/上/不算/好/，/绝对/不烂/。/尤其/是/太空/航行/设定/，/欧美/科幻/千篇一律/的/太空/飞船/星舰/，/我们/是/直接/整个/地球/都/带走/，/虽然/不切实际/，/但是/幻/不/就是/不切实际/么/？/人家/也/没/说/这/片子/是/硬/科幻/啊/。/反正/缺点/是/有/，/犯不着/贬损/谩骂/，/不要/舔着/欧美/科幻/的/脚跟/却/对/到/国产/科幻/的/进步/嗤之以鼻/。/撇开/特效/，/什么/阿凡/达/2012/地心引力/铁血/战士/的/剧情/也/不见得/好/到/哪里/去/(/?/ω/?/),评论/前/要说/一句/欧美/科幻/舔/狗/请/闭嘴/国产/科幻/特效/目前/来说/已经/极致/剧情/不算/好/不烂/尤其/太空/航行/设定/欧美/科幻/千篇一律/太空/飞船/星舰/直接/整个/地球/带走/不切实际/幻/不切实际/说/片子/硬/科幻/反正/缺点/犯不着/贬损/谩骂/舔着/欧美/科幻/脚跟/却/国产/科幻/进步/嗤之以鼻/撇开/特效/阿凡/达/2012/地心引力/铁血/战士/剧情/不见得/好/ω/,35.745277539225185
超赞? 值得再看！,超赞/?/ /值得/再/看/！,超赞/ /值得/再/,6.461210041318
中国科幻电影的标杆，感谢导演跟演员的付出,中国/科幻电影/的/标杆/，/感谢/导演/跟/演员/的/付出,中国/科幻电影/标杆/感谢/导演/演员/付出/,7.4009880194637
人类的勇敢、坚毅是我们的希望。,人类/的/勇敢/、/坚毅/是/我们/的/希望/。,人类/勇敢/坚毅/希望/,6.124493015849
有部分煽情的情节比较尴尬，其余都很不错,有/部分/煽情/的/情节/比较/尴尬/，/其余/都/很/不错,部分/煽情/情节/比较/尴尬/不错/,2.0267734451701003
春节最感动，没有之一，吴京那飘在宇宙中失重的眼泪，太戳我的泪点了,春节/最/感动/，/没有/之一/，/吴京/那/飘/在/宇宙/中/失重/的/眼泪/，/太/戳/我/的/泪点/了,春节/最/感动/吴京/飘/宇宙/中/失重/眼泪/太/戳/泪点/,-2.158495385371201
中途我都睡着了。。。,中途/我/都/睡着/了/。/。/。,中途/睡着/,-1.902060803136
其实刚开始对这部电影没有抱太多希望 ，完全是为了看吴京去的 ，但是从影片一开始完全被电影本身所震撼而忘了个人魅力 ，从来没想到国产科幻片能拍出这种效果 硬抗好莱坞 ，完全是国产科幻片的新里程新航标    值得一看   真的值得一看,其实/刚/开始/对/这部/电影/没有/抱太多/希望/ /，/完全/是/为了/看/吴京/去/的/ /，/但是/从/影片/一/开始/完全/被/电影/本身/所/震撼/而/忘/了/个人/魅力/ /，/从来/没想到/国产/科幻片/能/拍出/这种/效果/ /硬抗/好莱坞/ /，/完全/是/国产/科幻片/的/新/里程/新/航标/ / / / /值得一看/ / / /真的/值得一看,这部/电影/抱太多/希望/ /完全/吴京/ /影片/完全/电影/震撼/忘/魅力/ /没想到/国产/科幻片/拍出/这种/效果/ /硬抗/好莱坞/ /完全/国产/科幻片/新/里程/新/航标/ / / / /值得一看/ / / /真的/值得一看/,13.270744797460999
太好看了！！！！！吴京大大出品 必是精品！！,太/好看/了/！/！/！/！/！/吴京/大大/出品/ /必/是/精品/！/！,太/好看/吴京/出品/ /精品/,5.03186354558
科技感很强，为中国也能拍出这样的影片贺彩。,科技/感/很/强/，/为/中国/也/能/拍出/这样/的/影片/贺彩/。,科技/感/强/中国/拍出/影片/贺彩/,-1.115936199314
和原著略有出入，侧重点不同了，但非常值得一看！,和/原著/略有出入/，/侧重点/不同/了/，/但/非常/值得一看/！,原著/略有出入/侧重点/值得一看/,0.23491487987100002
真棒?效果、剧情、节奏都是世界一流,真棒/?/效果/、/剧情/、/节奏/都/是/世界/一流,真棒/效果/剧情/节奏/世界/一流/,2.7982664224120004
中国科幻片的巅峰。个人认为比妇联3好看，无论从特效还是剧情，还是场景震撼程度。值得一看！,中国/科幻片/的/巅峰/。/个人/认为/比/妇联/3/好看/，/无论/从/特效/还是/剧情/，/还是/场景/震撼/程度/。/值得一看/！,中国/科幻片/巅峰/认为/妇联/好看/特效/剧情/场景/震撼/程度/值得一看/,6.499161895918999
感人，好看，不能用语言表达出来了，?，但是一定一定值得你去看呦！,感人/，/好看/，/不能/用/语言表达/出来/了/，/?/，/但是/一定/一定/值得/你/去/看/呦/！,感人/好看/语言表达/一定/一定/值得/呦/,4.860507273855
比较感动，尤其是亲情,比较/感动/，/尤其/是/亲情,比较/感动/尤其/亲情/,3.635059752009
很好看！非常推荐！,很/好看/！/非常/推荐/！,好看/推荐/,3.20821954958
好多中国情节，整体来说不错，全程高潮的感觉,好多/中国/情节/，/整体/来说/不错/，/全程/高潮/的/感觉,好多/中国/情节/整体/来说/不错/全程/高潮/感觉/,5.2017493619071
故事有硬傷 不過戲劇效果挺不錯 特效也具可觀賞,故事/有/硬傷/ /不過/戲劇/效果/挺不錯/ /特效/也/具可/觀賞,故事/硬傷/ /不過/戲劇/效果/挺不錯/ /特效/具可/觀賞/,3.950289649662
难得讲了个故事需要鼓励,难得/讲/了/个/故事/需要/鼓励,讲/故事/需要/鼓励/,3.279938464671
中国制造的大片，不比好莱坞差，国外电影一个人可以救全世界，中国电影讲究团结可以救世界。看的我那叫你个舒服啊，中国牛逼。,中国/制造/的/大片/，/不比/好莱坞/差/，/国外/电影/一个/人/可以/救/全世界/，/中国/电影/讲究/团结/可以/救/世界/。/看/的/我/那/叫/你/个/舒服/啊/，/中国/牛/逼/。,中国/制造/大片/好莱坞/差/国外/电影/一个/人/救/全世界/中国/电影/讲究/团结/救/世界/舒服/中国/牛/逼/,5.2390497090079995
国产真的有大片了 看的4d 很震撼比国外的好看多了,国产/真的/有/大片/了/ /看/的/4d/ /很/震撼/比/国外/的/好看/多/了,国产/真的/大片/ /4d/ /震撼/国外/好看/,3.7329872287969996
无聊死了看的我睡着,无聊/死/了/看/的/我/睡着,无聊/死/睡着/,-3.62042737231
特效非常不错，灾难片总是离不开煽情的东西。剧情吗……好吧，结束。,特效/非常/不错/，/灾难片/总是/离不开/煽情/的/东西/。/剧情/吗/…/…/好/吧/，/结束/。,特效/不错/灾难片/总是/离不开/煽情/东西/剧情/好/结束/,4.1122671930997505
很棒的中国特技片。,很棒/的/中国/特技/片/。,很棒/中国/特技/片/,2.076134244923
非常好看，中国的科幻片棒棒的,非常/好看/，/中国/的/科幻片/棒棒/的,好看/中国/科幻片/棒棒/,1.9475423780119998
2019中国科幻电影纪元元年,2019/中国/科幻电影/纪元/元年,2019/中国/科幻电影/纪元/元年/,7.476809737502
很好看 也很感动相对于现在国产科幻片可以算是排行第一了,很/好看/ /也/很/感动/相对/于/现在/国产/科幻片/可以/算是/排行/第一/了,好看/ /感动/相对/现在/国产/科幻片/算是/排行/第一/,2.50273424848355
太炫酷我看晕来,太炫酷/我/看/晕/来,太炫酷/晕/,-2.73352197434
除了配乐不行，其余剧情特效都不错，祝中国科幻越辣越好,除了/配乐/不行/，/其余/剧情/特效/都/不错/，/祝/中国/科幻/越辣越/好,配乐/不行/剧情/特效/不错/祝/中国/科幻/越辣越/好/,5.244249975921001
特效不错，情节差点。,特效/不错/，/情节/差点/。,特效/不错/情节/差点/,2.1871984002771
电影比预期要更恢弘磅礴，晨昏线过后的永夜、火种计划、让地球流浪、木星推动地球…等等大小设定，没想到中国也能拍这么大架构、大格局的科幻片了，而且是第一部，了不得。以前看国外科幻感觉离我们很远，这一次看到熟悉的北京大裤衩、上海东方明珠都变成零下89°冰天冻地的末世场景，既猎奇又唏嘘。虽然在剧情上有套路，对于这部中国文化背景下的科幻新生儿，鼓励多于挑剔。导演说美国人拍科幻是放弃地球、去挖掘新的人类居住地，而中国人是不放弃地球、守住家土的情怀…“希望是我们回家的唯一方向”,电影/比/预期/要/更/恢弘/磅礴/，/晨昏/线/过后/的/永夜/、/火种/计划/、/让/地球/流浪/、/木星/推动/地球/…/等等/大小/设定/，/没想到/中国/也/能/拍/这么/大/架构/、/大/格局/的/科幻片/了/，/而且/是/第一部/，/了不得/。/以前/看/国外/科幻/感觉/离/我们/很/远/，/这/一次/看到/熟悉/的/北京/大/裤衩/、/上海/东方明珠/都/变成/零下/89/°/冰天/冻地/的/末世/场景/，/既/猎奇/又/唏嘘/。/虽然/在/剧情/上/有/套路/，/对于/这部/中国/文化背景/下/的/科幻/新生儿/，/鼓励/多于/挑剔/。/导演/说/美国/人/拍/科幻/是/放弃/地球/、/去/挖掘/新/的/人类/居住地/，/而/中国/人/是/不/放弃/地球/、/守/住家/土/的/情怀/…/“/希望/是/我们/回家/的/唯一/方向/”,电影/预期/恢弘/磅礴/晨昏/线/过后/永夜/火种/计划/地球/流浪/木星/推动/地球/大小/设定/没想到/中国/拍/架构/格局/科幻片/第一部/了不得/以前/国外/科幻/感觉/远/一次/看到/熟悉/北京/裤衩/上海/东方明珠/变成/零下/89/°/冰天/冻地/末世/场景/猎奇/唏嘘/剧情/套路/这部/中国/文化背景/下/科幻/新生儿/鼓励/多于/挑剔/导演/说/美国/人/拍/科幻/放弃/地球/挖掘/新/人类/居住地/中国/人/放弃/地球/守/住家/土/情怀/希望/回家/唯一/方向/,-95.92129530702944
有史以来最好看的国产片，太激动了,有史以来/最/好看/的/国产片/，/太/激动/了,有史以来/最/好看/国产片/太/激动/,5.467682044836
人类科幻片冒险,人类/科幻片/冒险,人类/科幻片/冒险/,0.961587279809
里程碑式的科幻片,里程碑式/的/科幻片,里程碑式/科幻片/,2.48070651962
太好看了，很满意,太/好看/了/，/很/满意,太/好看/满意/,4.1015392000799995
很好看，我都看哭了,很/好看/，/我/都/看/哭/了,好看/哭/,-0.6286340934400001
中国科幻片的崛起之作！！！力推,中国/科幻片/的/崛起/之作/！/！/！/力推,中国/科幻片/崛起/之作/力推/,1.7605624015619998
觉得没意思啊,觉得/没意思/啊,觉得/没意思/,-2.412731427151
是真的好看真的,是/真的/好看/真的,真的/好看/真的/,0.0028385872099998544
幕布折叠严重影响观看，这辈子都不会再来看第二次,幕布/折叠/严重/影响/观看/，/这辈子/都/不会/再/来看/第二次,幕布/折叠/严重/影响/观看/这辈子/再/第二次/,1.9031320953289996
这部电影是国产科幻片历史上最突兀的一部影片，整体结构，包括泪点部分，拿捏得当，很抓住人心，不得不说，这部电影，看的特别值得，钱也花的值了！,这部/电影/是/国产/科幻片/历史/上/最/突兀/的/一部/影片/，/整体/结构/，/包括/泪点/部分/，/拿捏/得当/，/很/抓住/人心/，/不得不/说/，/这部/电影/，/看/的/特别/值得/，/钱/也/花/的/值/了/！,这部/电影/国产/科幻片/历史/最/突兀/一部/影片/整体/结构/包括/泪点/部分/拿捏/得当/抓住/人心/说/这部/电影/特别/值得/钱/花/值/,14.909436880762438
前二十分钟没看，有点接不上演的什么但总体很开眼界，泪点很触动心弦,前/二十分钟/没/看/，/有点/接/不/上演/的/什么/但/总体/很/开眼界/，/泪点/很/触动/心弦,前/二十分钟/有点/接/上演/总体/开眼界/泪点/触动/心弦/,2.3325634258611396
中国首部大型科幻类3D电影，支持国产，水平越来越好！,中国/首部/大型/科幻/类/3D/电影/，/支持/国产/，/水平/越来越/好/！,中国/首部/大型/科幻/类/3D/电影/支持/国产/水平/越来越/好/,7.630914772861
好看，小说拍摄相得益彰，终于不输好莱坞的硬科幻了,好看/，/小说/拍摄/相得益彰/，/终于/不输/好莱坞/的/硬/科幻/了,好看/小说/拍摄/相得益彰/终于/不输/好莱坞/硬/科幻/,2.7875763314609996
值得一看，如果在紧张气氛细节上和节奏上把握更好点，就非常优质了。这个题材的科幻片，以前的确没有。,值得一看/，/如果/在/紧张/气氛/细节/上/和/节奏/上/把握/更好/点/，/就/非常/优质/了/。/这个/题材/的/科幻片/，/以前/的确/没有/。,值得一看/紧张/气氛/细节/节奏/把握/更好/点/优质/题材/科幻片/以前/,5.947756851391001
非常好看，非常，无敌,非常/好看/，/非常/，/无敌,好看/无敌/,1.733827813137
特效十分好。,特效/十分/好/。,特效/十分/好/,1.09118749795
超级好看后面很感人,超级/好看/后面/很/感人,超级/好看/后面/感人/,0.5046417776159997
很好，希望国产片越来越强大,很/好/，/希望/国产片/越来越/强大,好/希望/国产片/越来越/强大/,4.99301507661
说实话，本来春节期待最高的是渤哥和沈叔叔的外星人，后来一看评分9都没到就看了这个（是的，我看电影比较挑），但看完失望大于希望。我不是专业影评，讲讲自己感受：特效做的比较好，视觉效果不错，场景设计也比较大气；故事性还凑合，但表现的很生硬，打个比方就是，跟看大刘的书相比一个是小学生一个是研究生（我是大刘粉丝，三体最爱）比较失望的是影片想表现亲情，却又表现的过于平面化，尬到不行；在整个人类面临存亡的关头，家庭牵绊凌驾于一切，在最后关头，吴京又一次单枪匹马，战胜了整个联合政府！！野心大而力不足，三体还是再等等吧！,说实话/，/本来/春节/期待/最高/的/是/渤哥/和/沈/叔叔/的/外星人/，/后来/一看/评分/9/都/没到/就/看/了/这个/（/是/的/，/我/看/电影/比较/挑/）/，/但/看/完/失望/大于/希望/。/我/不是/专业/影评/，/讲讲/自己/感受/：/特效/做/的/比较/好/，/视觉效果/不错/，/场景/设计/也/比较/大气/；/故事性/还/凑合/，/但/表现/的/很/生硬/，/打个比方/就是/，/跟/看/大/刘/的/书/相比/一个/是/小学生/一个/是/研究生/（/我/是/大/刘/粉丝/，/三体/最爱/）/比较/失望/的/是/影片/想/表现/亲情/，/却/又/表现/的/过于/平面化/，/尬/到/不行/；/在/整个/人类/面临/存亡/的/关头/，/家庭/牵绊/凌驾于/一切/，/在/最后/关头/，/吴京/又/一次/单枪匹马/，/战胜/了/整个/联合政府/！/！/野心/大而力/不足/，/三体/还是/再/等等/吧/！,说实话/本来/春节/期待/最高/渤哥/沈/叔叔/外星人/一看/评分/没到/电影/比较/挑/完/失望/大于/希望/专业/影评/讲讲/感受/特效/做/比较/好/视觉效果/不错/场景/设计/比较/大气/故事性/凑合/表现/生硬/打个比方/刘/书/相比/一个/小学生/一个/研究生/刘/粉丝/三体/最爱/比较/失望/影片/想/表现/亲情/却/表现/平面化/尬/不行/整个/人类/面临/存亡/关头/家庭/牵绊/凌驾于/最后/关头/吴京/一次/单枪匹马/战胜/整个/联合政府/野心/大而力/不足/三体/再/,49.561597205060494
不怎么样，吹的太过了,不怎么样/，/吹/的/太过/了,不怎么样/吹/太过/,-0.249106999316
可以说是中国科幻片真正第一部牛皮的电影，特效可以给满分，世界观的构造在两个小时内展现的十分完整，配乐也是诚意满满，影片的后半段节奏有点慢，但前五分之四完全不逊色好莱坞大片。,可以/说/是/中国/科幻片/真正/第一部/牛皮/的/电影/，/特效/可以/给/满分/，/世界观/的/构造/在/两个/小时/内/展现/的/十分/完整/，/配乐/也/是/诚意/满满/，/影片/的/后半段/节奏/有点/慢/，/但前/五分/之四/完全/不/逊色/好莱坞/大片/。,说/中国/科幻片/真正/第一部/牛皮/电影/特效/满分/世界观/构造/两个/小时/展现/十分/完整/配乐/诚意/满满/影片/后半段/节奏/有点/慢/但前/五分/之四/完全/逊色/好莱坞/大片/,40.282312943628796
观后感：比较感人吧，军人永远是伟大的，牺牲自我，保家卫国，甚至到了保卫地球。,观后感/：/比较/感人/吧/，/军人/永远/是/伟大/的/，/牺牲/自我/，/保家卫国/，/甚至/到/了/保卫/地球/。,观后感/比较/感人/军人/永远/伟大/牺牲/自我/保家卫国/保卫/地球/,7.1127273869387
剧情还好，特效不错?,剧情/还好/，/特效/不错/?,剧情/还好/特效/不错/,3.178994111674
很不错的国产科幻片，比起国外的没得差。值得一看。??,很/不错/的/国产/科幻片/，/比起/国外/的/没得/差/。/值得一看/。/?/?,不错/国产/科幻片/国外/没得/差/值得一看/,1.9232675668900003
除了煽情稍微多了一点，其他都比较完美。,除了/煽情/稍微/多/了/一点/，/其他/都/比较/完美/。,煽情/稍微/一点/比较/完美/,3.228996960401
国产良心，中国科幻再接再厉,国产/良心/，/中国/科幻/再接再厉,国产/良心/中国/科幻/再接再厉/,2.86963285033
违反了太多科学原理，不是科幻片，是情感片，战争片的老套路,违反/了/太/多/科学/原理/，/不是/科幻片/，/是/情感/片/，/战争片/的/老套路,违反/太/科学/原理/科幻片/情感/片/战争片/老套路/,1.7027962029459998
好看，的确以为是美国大片的感觉,好看/，/的确/以为/是/美国/大片/的/感觉,好看/以为/美国/大片/感觉/,0.970792339491
垃圾电影，网上都水军！,垃圾/电影/，/网上/都/水军/！,垃圾/电影/网上/水军/,-1.385747489077
真的很感动，眼睛湿了好几次，看国产片很少有这样的感觉,真的/很/感动/，/眼睛/湿/了/好/几次/，/看/国产片/很少/有/这样/的/感觉,真的/感动/眼睛/湿/好/几次/国产片/感觉/,-3.32848247289
太好看了哈哈哈哈哈,太/好看/了/哈哈哈/哈哈,太/好看/哈哈哈/,4.44272412264
个人感觉科幻太严重，只不过，国产片能做到这个程度也是一个很大的进步吧,个人感觉/科幻/太/严重/，/只不过/，/国产片/能/做到/这个/程度/也/是/一个/很大/的/进步/吧,个人感觉/科幻/太/严重/只不过/国产片/做到/程度/一个/很大/进步/,-2.5280196376617488
不错，希望未来能有更多的，更好的，国产科幻电影出来,不错/，/希望/未来/能/有/更/多/的/，/更好/的/，/国产/科幻电影/出来,不错/希望/未来/更好/国产/科幻电影/,5.70612198405
挺好的哦 嗯嗯,挺/好/的/哦/ /嗯/嗯,挺/好/ /,0
极力推荐，做为济宁人还是有点小小的骄傲的！哈哈啊哈哈,极力推荐/，/做/为/济宁/人/还是/有点/小小的/骄傲/的/！/哈哈/啊/哈哈,极力推荐/做/济宁/人/有点/小小的/骄傲/,4.1149195655734
拍的很好，值得推荐！,拍/的/很/好/，/值得/推荐/！,拍/好/值得/推荐/,8.3958930535765
可以说很棒了，我在影院哭的稀里哗啦的……父子诀别真的很难受，我爱我家555≥﹏≤“这一刻，人类是英雄。”,可以/说/很棒/了/，/我/在/影院/哭/的/稀里哗啦/的/…/…/父子/诀别/真的/很/难受/，/我/爱/我家/555/≥/﹏/≤/“/这/一刻/，/人类/是/英雄/。/”,说/很棒/影院/哭/稀里哗啦/父子/诀别/真的/难受/爱/我家/555/≥/﹏/≤/一刻/人类/英雄/,-8.943914724314999
好看，整个故事清晰，还有泪点。虽然是灾难题材，比那些喜剧拍的好好多倍? 推荐推荐,好看/，/整个/故事/清晰/，/还有/泪点/。/虽然/是/灾难/题材/，/比/那些/喜剧/拍/的/好好/多倍/?/ /推荐/推荐,好看/整个/故事/清晰/泪点/灾难/题材/喜剧/拍/好好/多倍/ /推荐/推荐/,6.093164103923999
不错，挺好看,不错/，/挺/好看,不错/挺/好看/,4.165943355956
非常好看，值得二刷三刷！,非常/好看/，/值得/二刷/三刷/！,好看/值得/二刷/三刷/,3.6230034291699997
惊艳到我了~国产硬科幻的里程碑！！,惊艳/到/我/了/~/国产/硬/科幻/的/里程碑/！/！,惊艳/国产/硬/科幻/里程碑/,0.4340631214549999
感觉不错吧…真的，吴京的电影我都喜欢,感觉/不错/吧/…/真的/，/吴京/的/电影/我/都/喜欢,感觉/不错/真的/吴京/电影/喜欢/,4.779734022139
没想到京哥出演这类片子还有如此效果，一个字，赞！大家去看吧，超享受的！哈哈哈！,没想到/京哥/出演/这/类/片子/还有/如此/效果/，/一个/字/，/赞/！/大家/去/看吧/，/超/享受/的/！/哈哈哈/！,没想到/京哥/出演/类/片子/效果/一个/字/赞/看吧/超/享受/哈哈哈/,1.1310074453460004
场片震撼，制作精良,场片/震撼/，/制作/精良,场片/震撼/制作/精良/,6.87992617843
中间感动了好几次，结尾也很感人，出电影院的时候我问老公，地球真的会撞上木星吗 看来我们真的要增强环保意识呀,中间/感动/了/好/几次/，/结尾/也/很/感人/，/出/电影院/的/时候/我/问/老公/，/地球/真的/会/撞/上/木星/吗/ /看来/我们/真的/要/增强/环保/意识/呀,中间/感动/好/几次/结尾/感人/电影院/问/老公/地球/真的/撞/木星/ /真的/增强/环保/意识/,2.8434878757044997
真心好看，加油,真心/好看/，/加油,真心/好看/加油/,3.482619401295
挺棒的一部片子，特效，细节都挺好。唯一的不足是觉得结局有点烂尾，这个烂尾是指觉得在最后拯救地球的过程中，套路是猜到了，也没有任何悬念。然后是其他救援队敢来的原因还是有点单一牵强，缺一个力打出来。希望以后可以注意，发挥一些新的结局线。  演员的演技是锦上添花的，谢谢没有请流量演员演（这里是贬义，指部分流量演员）。  总的来说超出我这次观影前的意料，希望国产电影继续加油[em]e400644[/em]！   ps：个人看法，经不起喷，你喷就打你,挺棒/的/一部/片子/，/特效/，/细节/都/挺/好/。/唯一/的/不足/是/觉得/结局/有点/烂尾/，/这个/烂尾/是/指/觉得/在/最后/拯救/地球/的/过程/中/，/套路/是/猜/到/了/，/也/没有/任何/悬念/。/然后/是/其他/救援队/敢/来/的/原因/还是/有点/单一/牵强/，/缺/一个/力打/出来/。/希望/以后/可以/注意/，/发挥/一些/新/的/结局/线/。/ / /演员/的/演技/是/锦上添花/的/，/谢谢/没有/请/流量/演员/演/（/这里/是/贬义/，/指/部分/流量/演员/）/。/ / /总的来说/超出/我/这次/观影/前/的/意料/，/希望/国产电影/继续/加油/[/em/]/e400644/[///em/]/！/ / / /ps/：/个人/看法/，/经不起/喷/，/你/喷/就/打/你,挺棒/一部/片子/特效/细节/挺/好/唯一/不足/觉得/结局/有点/烂尾/烂尾/指/觉得/最后/拯救/地球/过程/中/套路/猜/悬念/救援队/原因/有点/单一/牵强/缺/一个/力打/希望/以后/注意/发挥/一些/新/结局/线/ / /演员/演技/锦上添花/谢谢/请/流量/演员/演/贬义/指/部分/流量/演员/ / /超出/这次/观影/前/意料/希望/国产电影/继续/加油/em/e400644/em/ / / /ps/看法/经不起/喷/喷/,64.0035141321877
是一部值得一看的好片儿，吴京真的是好样的。万万没想到这部片子可以拍得如此出色，定然会成为中国影史科幻电影的标志性里程碑。虽然还有不足之处，但是进步是显著的。整个两个小时的时间里，没有尿点，我完全被带入到了情节之中。恐怕之后中国的电影界会有一个新的名词，就是“吴京作品”。同时吐槽一下，疯狂外星人，真的很难看。,是/一部/值得一看/的/好/片儿/，/吴京/真的/是/好样/的/。/万万/没想到/这部/片子/可以/拍/得/如此/出色/，/定然/会/成为/中国/影史/科幻电影/的/标志性/里程碑/。/虽然/还有/不足之处/，/但是/进步/是/显著/的/。/整个/两个/小时/的/时间/里/，/没有/尿点/，/我/完全/被/带入/到/了/情节/之中/。/恐怕/之后/中国/的/电影界/会/有/一个/新/的/名词/，/就是/“/吴京/作品/”/。/同时/吐槽/一下/，/疯狂/外星人/，/真的/很/难看/。,一部/值得一看/好/片儿/吴京/真的/好样/万万/没想到/这部/片子/拍/出色/定然/成为/中国/影史/科幻电影/标志性/里程碑/不足之处/进步/显著/整个/两个/小时/时间/里/尿点/完全/带入/情节/之中/之后/中国/电影界/一个/新/名词/吴京/作品/吐槽/一下/疯狂/外星人/真的/难看/,656.8282299073704
给10分的3点理由：1、它是大刘作品改编的。2、它绝对是国产科幻片的新巅峰。3、它与其说是拯救地球，不如说是拯救了国产电影，让我们相信国产电影又回复了讲故事的能力。,给/10/分/的/3/点/理由/：/1/、/它/是/大/刘/作品/改编/的/。/2/、/它/绝对/是/国产/科幻片/的/新/巅峰/。/3/、/它/与其说是/拯救/地球/，/不如说是/拯救/了/国产电影/，/让/我们/相信/国产电影/又/回复/了/讲故事/的/能力/。,10/分/点/理由/刘/作品/改编/国产/科幻片/新/巅峰/与其说是/拯救/地球/不如说是/拯救/国产电影/相信/国产电影/回复/讲故事/能力/,9.2682798745312
好看，国产难得的科幻片,好看/，/国产/难得/的/科幻片,好看/国产/科幻片/,1.5948135749199999
不错，果然是中国科幻的开端啊,不错/，/果然/是/中国/科幻/的/开端/啊,不错/中国/科幻/开端/,4.338251581297
好看，很非常感人拯救百姓人家,好看/，/很/非常/感人/拯救/百姓/人家,好看/感人/拯救/百姓/,0.4579354809202
感觉拯救世界不再只有美国人,感觉/拯救/世界/不再/只有/美国/人,感觉/拯救/世界/美国/人/,0.3949674266132001
剧情完全变了，小说里的人物一个也没有，只能说呵呵,剧情/完全/变/了/，/小说/里/的/人物/一个/也/没有/，/只能/说/呵呵,剧情/完全/变/小说/里/人物/一个/只能/说/呵呵/,-2.379387425691
让人震撼的佳作。真是很棒很棒。强烈推荐去看,让/人/震撼/的/佳作/。/真是/很棒/很棒/。/强烈推荐/去/看,人/震撼/佳作/真是/很棒/很棒/强烈推荐/,3.834664465542
沉重中带着思考、感动！好看！加油?,沉重/中带/着/思考/、/感动/！/好看/！/加油/?,沉重/中带/思考/感动/好看/加油/,3.543563929404
流浪地球 ?算是一部科幻灾难片吧中国科幻片里程碑式的进步特效真的被震撼到了??煽情戏再少一点就好了永夜、火种计划、点燃木星、末世场景、地下城......没想到影片会有这样的大格局、大构架刘培强的眼泪在失重状况下浮起，很真实了我作为一个文化沙漠 看完也只能说句牛逼了[呲牙],流浪/地球/ /?/算是/一部/科幻/灾难片/吧/中国/科幻片/里程碑式/的/进步/特效/真的/被/震撼/到/了/?/?/煽情/戏/再/少/一点/就/好/了/永夜/、/火种/计划/、/点燃/木星/、/末世/场景/、/地下城/....../没想到/影片/会/有/这样/的/大/格局/、/大/构架/刘培强/的/眼泪/在/失重/状况/下浮/起/，/很/真实/了/我/作为/一个/文化/沙漠/ /看/完/也/只能/说句/牛/逼/了/[/呲/牙/],流浪/地球/ /算是/一部/科幻/灾难片/中国/科幻片/里程碑式/进步/特效/真的/震撼/煽情/戏/再/少/一点/好/永夜/火种/计划/点燃/木星/末世/场景/地下城/....../没想到/影片/格局/构架/刘培强/眼泪/失重/状况/下浮/真实/一个/文化/沙漠/ /完/只能/说句/牛/逼/呲/牙/,11.93607164715179
剧情一般，特效堪比好莱坞，吴京绝对属于画龙点睛，国人的骄傲！我们也可以拍出科幻片！,剧情/一般/，/特效/堪比/好莱坞/，/吴京/绝对/属于/画龙点睛/，/国人/的/骄傲/！/我们/也/可以/拍/出/科幻片/！,剧情/特效/堪比/好莱坞/吴京/属于/画龙点睛/国人/骄傲/拍/科幻片/,10.696867473089998
震撼感受，好看,震撼/感受/，/好看,震撼/感受/好看/,3.24423120367
中国科幻片的开山巨作！谢谢电影导演，编剧，所有的制作人员和参演者，参与者！感谢你们！好电影！京哥更帅了！,中国/科幻片/的/开山/巨作/！/谢谢/电影/导演/，/编剧/，/所有/的/制作人员/和/参演/者/，/参与者/！/感谢/你们/！/好/电影/！/京哥/更帅/了/！,中国/科幻片/开山/巨作/谢谢/电影/导演/编剧/所有/制作人员/参演/参与者/感谢/好/电影/京哥/更帅/,14.829280647463975
作为一个理科白痴，我也不知道电影里的操作有没有bug。作为一个不看科幻小说的2b青年，也不知道流浪地球是不是前无古人的。但是，这样的末日论，刘慈欣在我这真的封神了。,作为/一个/理科/白痴/，/我/也/不/知道/电影/里/的/操作/有没有/bug/。/作为/一个/不看/科幻小说/的/2b/青年/，/也/不/知道/流浪/地球/是不是/前无古人/的/。/但是/，/这样/的/末日/论/，/刘慈欣/在/我/这/真的/封神/了/。,一个/理科/白痴/知道/电影/里/操作/有没有/bug/一个/不看/科幻小说/2b/青年/知道/流浪/地球/是不是/前无古人/末日/刘慈欣/真的/封神/,1.6109862888092
强烈推荐，中国科幻巨作,强烈推荐/，/中国/科幻/巨作,强烈推荐/中国/科幻/巨作/,0.302307718717
在姥爷和父亲牺牲的时候，真的感动到哭，整部电影无雷点，非常好看。,在/姥爷/和/父亲/牺牲/的/时候/，/真的/感动/到/哭/，/整部/电影/无雷点/，/非常/好看/。,姥爷/父亲/牺牲/真的/感动/哭/整部/电影/无雷点/好看/,0.5236432510619998
感动。。。。,感动/。/。/。/。,感动/,0.919392125333
中国科幻电影的启程碑,中国/科幻电影/的/启程/碑,中国/科幻电影/启程/碑/,2.0351952801379998
超级好看，国产特效巅峰,超级/好看/，/国产/特效/巅峰,超级/好看/国产/特效/巅峰/,4.05789645531
挺好看的 后面很感人,挺/好看/的/ /后面/很/感人,挺/好看/ /后面/感人/,0.3342632865659999
支持一波，三体什么时候能出来,支持/一波/，/三体/什么/时候/能/出来,支持/一波/三体/,2.606365590715
画面太晃 刺眼 太假,画面/太晃/ /刺眼/ /太假,画面/太晃/ /刺眼/ /太假/,0.687978837585
太棒了，2019绝对是国产科幻元年，这部电影的意义不亚于阿凡达于3D电影。期待着今后更加优秀的国产科幻作品！,太棒了/，/2019/绝对/是/国产/科幻/元年/，/这部/电影/的/意义/不亚于/阿凡/达于/3D/电影/。/期待/着/今后/更加/优秀/的/国产/科幻/作品/！,太棒了/2019/国产/科幻/元年/这部/电影/意义/不亚于/阿凡/达于/3D/电影/期待/今后/优秀/国产/科幻/作品/,16.920622928755996
很好看，气势恢宏,很/好看/，/气势恢宏,好看/气势恢宏/,3.31087991289
不喜欢演刘启的人 看着讨厌,不/喜欢/演刘启/的/人/ /看着/讨厌,喜欢/演刘启/人/ /看着/讨厌/,-1.1711850415450002
良好的开端，希望国产科幻片越来越多，越来越好，被默斯圈粉，哈哈,良好/的/开端/，/希望/国产/科幻片/越来越/多/，/越来越/好/，/被/默斯/圈粉/，/哈哈,良好/开端/希望/国产/科幻片/越来越/越来越/好/默斯/圈粉/,4.0577868841299995
太震撼了，好看,太/震撼/了/，/好看,太/震撼/好看/,3.24423120367
总体还不错，值得鼓励，虽然细节还有些不够好,总体/还/不错/，/值得/鼓励/，/虽然/细节/还/有些/不够/好,总体/不错/值得/鼓励/细节/不够/好/,9.85989850386
国产的科幻好片,国产/的/科幻/好片,国产/科幻/好片/,-0.05042108437499998
这电影真好！看着好有危机感！！特效真的好赞！！！,这/电影/真/好/！/看着/好/有/危机感/！/！/特效/真的/好赞/！/！/！,电影/真/好/看着/好/危机感/特效/真的/好赞/,6.074429198035
中国的科幻片确实可以算的上是崛起，加上刘慈欣的情节设计，很喜欢！！！疯狂点赞,中国/的/科幻片/确实/可以/算/的/上/是/崛起/，/加上/刘慈欣/的/情节/设计/，/很/喜欢/！/！/！/疯狂/点赞,中国/科幻片/确实/算/崛起/刘慈欣/情节/设计/喜欢/疯狂/点赞/,7.3971531070279
很不错的一部中国科幻电影。?,很/不错/的/一部/中国/科幻电影/。/?,不错/一部/中国/科幻电影/,2.453194138334
合格的好莱坞大片  国产顶级科幻片  不过我希望科幻更多点  煽情少一点  煽情部分把我女朋友弄哭了,合格/的/好莱坞/大片/ / /国产/顶级/科幻片/ / /不过/我/希望/科幻/更/多点/ / /煽情/少/一点/ / /煽情/部分/把/我/女朋友/弄/哭/了,合格/好莱坞/大片/ / /国产/顶级/科幻片/ / /希望/科幻/多点/ / /煽情/少/一点/ / /煽情/部分/女朋友/弄/哭/,7.1731560207401
流浪地球，吴京出品，必属精品，中国电影未来！,流浪/地球/，/吴京/出品/，/必属/精品/，/中国/电影/未来/！,流浪/地球/吴京/出品/必属/精品/中国/电影/未来/,7.288940709876201
不怎么好看 个人感觉而已,不怎么/好看/ /个人感觉/而已,好看/ /个人感觉/,1.26216032158
流浪地球?引发深思，前部分有点跳戏，看不太懂，可能是国内科幻片儿高深思路，有点绕不过来，后半部分很感动??9分??地球的流浪，也是人类的责任??,流浪/地球/?/引发/深思/，/前/部分/有点/跳戏/，/看/不/太/懂/，/可能/是/国内/科幻片/儿/高深/思路/，/有点/绕/不/过来/，/后/半/部分/很/感动/?/?/9/分/?/?/地球/的/流浪/，/也/是/人类/的/责任/?/?,流浪/地球/引发/深思/前/部分/有点/跳戏/太/懂/国内/科幻片/儿/高深/思路/有点/绕/过来/后/部分/感动/分/地球/流浪/人类/责任/,5.90399769229874
很不错，我觉得国产能够拍成这样让我很惊喜,很/不错/，/我/觉得/国产/能够/拍/成/这样/让/我/很/惊喜,不错/觉得/国产/能够/拍/成/惊喜/,7.780801404031001
好看，3D制作很不错。题材还是很贴切的环保问题。三代人的感情纠缠也表现的让人感动。,好看/，/3D/制作/很/不错/。/题材/还是/很/贴切/的/环保/问题/。/三代人/的/感情纠缠/也/表现/的/让/人/感动/。,好看/3D/制作/不错/题材/贴切/环保/问题/三代人/感情纠缠/表现/人/感动/,11.494167665483998
完美的科幻第一部开端   情节连贯感人 特效也非常棒  好评,完美/的/科幻/第一部/开端/ / / /情节/连贯/感人/ /特效/也/非常/棒/ / /好评,完美/科幻/第一部/开端/ / / /情节/连贯/感人/ /特效/棒/ / /好评/,5.1895224228081
很燃！非常棒的好,很燃/！/非常/棒/的/好,很燃/棒/好/,1.99814253858
有新的创新。。。,有/新/的/创新/。/。/。,新/创新/,3.37487598466
超燃 nice,超燃/ /nice,超燃/ /nice/,0
拍的太好了，我认为流浪地球这部电影真的开启了 ，中国科幻电影的新纪元，太让人感动了！！！,拍/的/太好了/，/我/认为/流浪/地球/这部/电影/真的/开启/了/ /，/中国/科幻电影/的/新纪元/，/太/让/人/感动/了/！/！/！,拍/太好了/认为/流浪/地球/这部/电影/真的/开启/ /中国/科幻电影/新纪元/太/人/感动/,5.9922340833337
很精彩！没有个人英雄主义……有的是一群人一起团结拯救世界。此片绝不输所谓的欧美科幻！,很/精彩/！/没有/个人/英雄主义/…/…/有的是/一群/人/一起/团结/拯救/世界/。/此片/绝不/输/所谓/的/欧美/科幻/！,精彩/英雄主义/有的是/一群/人/一起/团结/拯救/世界/此片/输/所谓/欧美/科幻/,10.559128381549202
去晚了没带3D眼镜，朦胧着看完两小时的，虽然剧情略有破绽，丝毫不影响它对我们心底温柔的触动。比起国外特效完美的科幻片，我们更偏向于这部逃离地球，有人说中国人没有信仰，其实中国人的信仰就是归根，回家。,去/晚/了/没带/3D/眼镜/，/朦胧/着/看/完/两/小时/的/，/虽然/剧情/略有/破绽/，/丝毫/不/影响/它/对/我们/心底/温柔/的/触动/。/比起/国外/特效/完美/的/科幻片/，/我们/更/偏向/于/这部/逃离/地球/，/有人/说/中国/人/没有/信仰/，/其实/中国/人/的/信仰/就是/归根/，/回家/。,晚/没带/3D/眼镜/朦胧/完/两/小时/剧情/略有/破绽/丝毫/影响/心底/温柔/触动/国外/特效/完美/科幻片/偏向/这部/逃离/地球/有人/说/中国/人/信仰/中国/人/信仰/归根/回家/,1.5611559906032
特别喜欢，刺激！,特别/喜欢/，/刺激/！,特别/喜欢/刺激/,2.8308511428729997
属实不错。值得观看！,属实/不错/。/值得/观看/！,属实/不错/值得/观看/,6.9167035123
中国科幻牛掰,中国/科幻/牛/掰,中国/科幻/牛/掰/,0.3781124821170001
总体来说适合年轻人一点，我爸妈其实没太看懂。画面、特效没的说，贼棒。对于剧情，个人有2点小疑惑。1，空间站的人工智能是否叛变，这是否算是对人工智能的思考。2，最后的部分是不是说人类还有可能面临其他这样的危险。作为中国科幻破冰之作，可以说是不错了，希望细节方面更好。,总体/来说/适合/年轻人/一点/，/我/爸妈/其实/没太看/懂/。/画面/、/特效/没/的/说/，/贼/棒/。/对于/剧情/，/个人/有/2/点/小/疑惑/。/1/，/空间站/的/人工智能/是否/叛变/，/这/是否/算是/对/人工智能/的/思考/。/2/，/最后/的/部分/是不是/说/人类/还有/可能/面临/其他/这样/的/危险/。/作为/中国/科幻/破冰/之作/，/可以/说/是/不错/了/，/希望/细节/方面/更好/。,总体/来说/适合/年轻人/一点/爸妈/没太看/懂/画面/特效/说/贼/棒/剧情/点/小/疑惑/空间站/人工智能/是否/叛变/是否/算是/人工智能/思考/最后/部分/是不是/说/人类/面临/危险/中国/科幻/破冰/之作/说/不错/希望/细节/方面/更好/,19.02878735535437
中国的科幻片   还蛮厉害蛮好看的  至少不是一个人拯救  而是团队意识,中国/的/科幻片/ / / /还/蛮/厉害/蛮/好看/的/ / /至少/不是/一个/人/拯救/ / /而是/团队/意识,中国/科幻片/ / / /厉害/好看/ / /至少/一个/人/拯救/ / /团队/意识/,1.0150477342752
还可以的说。反正全程看起来没有明显尬的地方。。,还/可以/的/说/。/反正/全程/看起来/没有/明显/尬/的/地方/。/。,说/反正/全程/明显/尬/地方/,-1.3257759002908
超出期待的第一部国产科幻片，很感人。,超出/期待/的/第一部/国产/科幻片/，/很/感人/。,超出/期待/第一部/国产/科幻片/感人/,1.870204008303
感觉强于好莱坞大片，构思新颖，不过台词太够干练,感觉/强于/好莱坞/大片/，/构思新颖/，/不过/台词/太够/干练,感觉/强于/好莱坞/大片/构思新颖/台词/太够/干练/,6.085962005781999
中国也有自己的科幻片了，打破美帝拯救世界的垄断,中国/也/有/自己/的/科幻片/了/，/打破/美帝/拯救/世界/的/垄断,中国/科幻片/打破/美帝/拯救/世界/垄断/,0.06426910235859995
很棒的科幻片，而且有中国电影的独特特色。看多了外国科幻片，这部影片让我眼前一亮。,很棒/的/科幻片/，/而且/有/中国/电影/的/独特/特色/。/看多/了/外国/科幻片/，/这部/影片/让/我/眼前一亮/。,很棒/科幻片/中国/电影/独特/特色/看多/外国/科幻片/这部/影片/眼前一亮/,8.783542022008
国产科幻片棒棒,国产/科幻片/棒棒,国产/科幻片/棒棒/,0.33265325334
中国电影的进步,中国/电影/的/进步,中国/电影/进步/,3.338508794277
原著看完看的，表示，非常赞，特效nice，电影叙事，节奏，代入感，都不错。,原著/看/完/看/的/，/表示/，/非常/赞/，/特效/nice/，/电影/叙事/，/节奏/，/代入/感/，/都/不错/。,原著/完/表示/赞/特效/nice/电影/叙事/节奏/代入/感/不错/,4.891251194597
还不错国产的特效越来越好,还/不错/国产/的/特效/越来越/好,不错/国产/特效/越来越/好/,4.07519172135
非常好看，中国科幻排出了好莱坞的水平,非常/好看/，/中国/科幻/排出/了/好莱坞/的/水平,好看/中国/科幻/排出/好莱坞/水平/,2.8814737099709995
太震撼！脑洞大开！这次换我们中国人拯救世界了！,太/震撼/！/脑洞/大开/！/这次/换/我们/中国/人/拯救/世界/了/！,太/震撼/脑洞/大开/这次/换/中国/人/拯救/世界/,2.50394668716415
超级烂片！特效看的人眼睛很不舒服?剧情有点想当然，俩孩子称呼长辈极端无礼，祸害青少年！,超级/烂片/！/特效/看/的/人/眼睛/很/不/舒服/?/剧情/有点/想当然/，/俩/孩子/称呼/长辈/极端/无礼/，/祸害/青少年/！,超级/烂片/特效/人/眼睛/舒服/剧情/有点/想当然/俩/孩子/称呼/长辈/无礼/祸害/青少年/,-3.4816404655179607
整体构思非常棒，但细节处理的不够成熟，有的地方很boring，毕竟科幻处女座，给予支持吧?,整体/构思/非常/棒/，/但/细节/处理/的/不够/成熟/，/有/的/地方/很/boring/，/毕竟/科幻/处女座/，/给予/支持/吧/?,整体/构思/棒/细节/处理/不够/成熟/地方/boring/科幻/处女座/给予/支持/,9.048220823327
流浪地球！期盼已久、果然没人我失望、真不敢相信这是我们中国自己的科幻！看完意犹未尽呀,流浪/地球/！/期盼/已/久/、/果然/没人/我/失望/、/真/不敢相信/这是/我们/中国/自己/的/科幻/！/看/完/意犹未尽/呀,流浪/地球/期盼/已/久/没人/失望/真/不敢相信/这是/中国/科幻/完/意犹未尽/,3.5891150481952003
可以。。。。,可以/。/。/。/。,,0
太爽了！地球是我们的最后家园,太爽了/！/地球/是/我们/的/最后/家园,太爽了/地球/最后/家园/,1.78191928624118
好看，还感人,好看/，/还/感人,好看/感人/,0.7326358507749999
拍出了好莱坞大片的感觉,拍出/了/好莱坞/大片/的/感觉,拍出/好莱坞/大片/感觉/,1.681519551294
很震撼，这部国内科幻片有超越好莱坞的趋势。,很/震撼/，/这部/国内/科幻片/有/超越/好莱坞/的/趋势/。,震撼/这部/国内/科幻片/超越/好莱坞/趋势/,5.402380078847
说真的，很好看。,说真的/，/很/好看/。,说真的/好看/,1.26216032158
春节档电影《流浪地球》特效很棒，演技零分。泪点大概2-3个，故事一点都不贯穿，煽情部分有点硬煽的感觉，作为中国第一部科幻片，特效还是很棒的，剧情欠缺，总体觉得不值得票价。一部能抗衡国外科幻的电影本身就很厉害，可是为什么要加那尬到想哭的不走心的偶像剧感情，难受到炸。除了特效可以给9分，其他真的0分。流浪地球把刘启、韩朵朵戏份删掉95%就是一部完美大片。,春节/档/电影/《/流浪/地球/》/特效/很棒/，/演技/零分/。/泪点/大概/2/-/3/个/，/故事/一点/都/不/贯穿/，/煽情/部分/有点/硬/煽/的/感觉/，/作为/中国/第一部/科幻片/，/特效/还是/很棒/的/，/剧情/欠缺/，/总体/觉得/不/值得/票价/。/一部/能/抗衡/国外/科幻/的/电影/本身/就/很/厉害/，/可是/为什么/要加/那尬/到/想/哭/的/不/走心/的/偶像剧/感情/，/难/受到/炸/。/除了/特效/可以/给/9/分/，/其他/真的/0/分/。/流浪/地球/把/刘启/、/韩/朵朵/戏份/删掉/95%/就是/一部/完美/大片/。,春节/档/电影/流浪/地球/特效/很棒/演技/零分/泪点/故事/一点/贯穿/煽情/部分/有点/硬/煽/感觉/中国/第一部/科幻片/特效/很棒/剧情/欠缺/总体/觉得/值得/票价/一部/抗衡/国外/科幻/电影/厉害/要加/那尬/想/哭/走心/偶像剧/感情/难/受到/炸/特效/分/真的/分/流浪/地球/刘启/韩/朵朵/戏份/删掉/95%/一部/完美/大片/,-0.1648722355329566
好看，祝国产电影越来越好,好看/，/祝/国产电影/越来越/好,好看/祝/国产电影/越来越/好/,3.25473231961
可以说是中国硬科幻的里程碑了，全程无尿点，带着地球逃跑的设定真是老外都想不到。虽说有些细节不是很到位，但总体来说非常好看，值得二刷！,可以/说/是/中国/硬/科幻/的/里程碑/了/，/全程无/尿点/，/带/着/地球/逃跑/的/设定/真是/老外/都/想不到/。/虽说/有些/细节/不是/很/到位/，/但/总体/来说/非常/好看/，/值得/二刷/！,说/中国/硬/科幻/里程碑/全程无/尿点/地球/逃跑/设定/真是/老外/想不到/细节/到位/总体/来说/好看/值得/二刷/,7.564407055602
睡了两觉醒来还没演完,睡/了/两/觉醒/来/还/没演/完,睡/两/觉醒/没演/完/,-1.044410385834
画面感十足，跟3D没关系的3D电影，剧情内容有点夸张，比如从杭州开车去赤道只需要十几个小时，最后是一根火柴点燃了木星，拯救了地球,画面感/十足/，/跟/3D/没关系/的/3D/电影/，/剧情/内容/有点/夸张/，/比如/从/杭州/开车/去/赤道/只/需要/十几个/小时/，/最后/是/一根/火柴/点燃/了/木星/，/拯救/了/地球,画面感/十足/3D/没关系/3D/电影/剧情/内容/有点/夸张/杭州/开车/赤道/只/需要/十几个/小时/最后/一根/火柴/点燃/木星/拯救/地球/,3.4369187545856557
中国科幻片的里程碑，希望开启中国科幻片崛起之路???,中国/科幻片/的/里程碑/，/希望/开启/中国/科幻片/崛起/之/路/?/?/?,中国/科幻片/里程碑/希望/开启/中国/科幻片/崛起/路/,5.894274405879
喜欢，还可以喔,喜欢/，/还/可以/喔,喜欢/喔/,4.03672263246
少了点英雄主义，多了些饱和式救援。,少/了/点/英雄主义/，/多/了/些/饱和/式/救援/。,少/点/英雄主义/些/饱和/式/救援/,3.4508113287923
牛！和美国片有一拼,牛/！/和/美国/片有/一/拼,牛/美国/片有/拼/,3.021693934897
特效真不错，情节感人,特效/真不错/，/情节/感人,特效/真不错/情节/感人/,0.5963074750621
非常好看，一定要看哦,非常/好看/，/一定/要/看/哦,好看/一定/,1.6085130530899998
安利给大家，真的好看,安利/给/大家/，/真的/好看,安利/真的/好看/,0.38024057380099985
炒鸡好看!泪点很多，特效很好!,炒鸡/好看/!/泪点/很多/，/特效/很/好/!,炒鸡/好看/泪点/特效/好/,0.5951232633199999
好看。。。。,好看/。/。/。/。,好看/,1.26216032158
最低也就只能1分了，全程无重点，剧情杂乱无章。,最低/也/就/只能/1/分/了/，/全程无/重点/，/剧情/杂乱无章/。,最低/只能/分/全程无/重点/剧情/杂乱无章/,-2.829571392231
比较成功的科幻片，好看带劲,比较/成功/的/科幻片/，/好看/带劲,比较/成功/科幻片/好看/带劲/,4.688791772201
挺好的，作为国内第一部科幻片，表示还可以～,挺/好/的/，/作为/国内/第一部/科幻片/，/表示/还/可以/～,挺/好/国内/第一部/科幻片/表示/,0.158269079686
很不错！这是中国的大片！老吴，加油！！！加油！！！加油！！！我看好你。,很/不错/！/这是/中国/的/大片/！/老/吴/，/加油/！/！/！/加油/！/！/！/加油/！/！/！/我/看好/你/。,不错/这是/中国/大片/吴/加油/加油/加油/看好/,8.200791452695
地球真的可以流浪么？？,地球/真的/可以/流浪/么/？/？,地球/真的/流浪/,-0.6681239940008
非常棒，想二刷！,非常/棒/，/想二刷/！,棒/想二刷/,1.99814253858
值得一看，非常喜欢,值得一看/，/非常/喜欢,值得一看/喜欢/,2.3566957262
首先是对于本片的改编难度以及对于我们国内科幻片和影视圈的意义来说，这部电影完全是突破了我对于国内科幻电影的想象，是一个值得五星好评的作品，未来中国科幻电影都可以以此作为借鉴去思考如何完成一部及格线上的科幻电影。其次就是这个作品的完成度很高，至少是在我看来，有泪点也有笑点。整个节奏的编排都比较紧凑(哈哈，当然前面15分钟还是有点……但不影响整体）但是，我真的不喜欢煽情戏……而且男女主的演技有点尴尬，反正我觉得get不到他们的演技。最后，祝大家新年快乐呀！！,首先/是/对于/本片/的/改编/难度/以及/对于/我们/国内/科幻片/和/影视圈/的/意义/来说/，/这部/电影/完全/是/突破/了/我/对于/国内/科幻电影/的/想象/，/是/一个/值得/五星/好评/的/作品/，/未来/中国/科幻电影/都/可以/以此/作为/借鉴/去/思考/如何/完成/一部/及格线/上/的/科幻电影/。/其次/就是/这个/作品/的/完成度/很/高/，/至少/是/在我看来/，/有泪点/也/有/笑/点/。/整个/节奏/的/编排/都/比较/紧凑/(/哈哈/，/当然/前面/15/分钟/还是/有点/…/…/但/不/影响/整体/）/但是/，/我/真的/不/喜欢/煽情/戏/…/…/而且/男女/主/的/演技/有点/尴尬/，/反正/我/觉得/get/不到/他们/的/演技/。/最后/，/祝/大家/新年快乐/呀/！/！,本片/改编/难度/国内/科幻片/影视圈/意义/来说/这部/电影/完全/突破/国内/科幻电影/想象/一个/值得/五星/好评/作品/未来/中国/科幻电影/以此/借鉴/思考/完成/一部/及格线/科幻电影/作品/完成度/高/至少/在我看来/有泪点/笑/点/整个/节奏/编排/比较/紧凑/前面/15/分钟/有点/影响/整体/真的/喜欢/煽情/戏/男女/主/演技/有点/尴尬/反正/觉得/get/不到/演技/最后/祝/新年快乐/,90.46029789918086
感觉很不错，值得去看,感觉/很/不错/，/值得/去/看,感觉/不错/值得/,4.241738732714
太棒了  很震撼,太棒了/ / /很/震撼,太棒了/ / /震撼/,1.98207088209
中国最棒的科幻片了,中国/最棒/的/科幻片/了,中国/最棒/科幻片/,0.685382056432
第一次看国产科幻片，确实挺好看的特效很棒，情节也很棒有刺激有感动，刺激的大场面 民族情节 亲情都有表现真的很好看了。,第一次/看/国产/科幻片/，/确实/挺/好看/的/特效/很棒/，/情节/也/很棒/有/刺激/有/感动/，/刺激/的/大/场面/ /民族/情节/ /亲情/都/有/表现/真的/很/好看/了/。,第一次/国产/科幻片/确实/挺/好看/特效/很棒/情节/很棒/刺激/感动/刺激/场面/ /民族/情节/ /亲情/表现/真的/好看/,5.195815028970119
国产大片！完美,国产/大片/！/完美,国产/大片/完美/,4.0032026348
全剧特效镜头不错，国产特效能有如此进步，点个赞再接再厉！该剧剧本结构一般，有些拖沓，节奏如果能再把握得更好就好了。但该剧抓住了小爱与大爱的渲染，催泪点还是有好几个的。总体来说还是不错，花了我100块还算值?如果有喜欢分析和聊影评的朋友，也可以一起探讨一下！,全剧/特效/镜头/不错/，/国产/特效/能/有/如此/进步/，/点个/赞/再接再厉/！/该剧/剧本/结构/一般/，/有些/拖沓/，/节奏/如果/能/再/把握/得/更好/就/好/了/。/但/该剧/抓住/了/小/爱/与/大爱/的/渲染/，/催泪/点/还是/有/好几个/的/。/总体/来说/还是/不错/，/花/了/我/100/块/还/算值/?/如果/有/喜欢/分析/和/聊/影评/的/朋友/，/也/可以/一起/探讨/一下/！,全剧/特效/镜头/不错/国产/特效/进步/点个/赞/再接再厉/该剧/剧本/结构/拖沓/节奏/再/把握/更好/好/该剧/抓住/小/爱/大爱/渲染/催泪/点/好几个/总体/来说/不错/花/100/块/算值/喜欢/分析/聊/影评/朋友/一起/探讨/一下/,104.01972514019677
真是好，国产电影会越来越棒的,真是/好/，/国产电影/会/越来越/棒/的,真是/好/国产电影/越来越/棒/,4.5724796699695
没想到中国的科幻片也这么好看，十分！,没想到/中国/的/科幻片/也/这么/好看/，/十分/！,没想到/中国/科幻片/好看/十分/,1.813829967039
可以说是中国科幻电影的里程碑了，中国牛批！,可以/说/是/中国/科幻电影/的/里程碑/了/，/中国/牛批/！,说/中国/科幻电影/里程碑/中国/牛批/,2.3948852004849996
超好看!!!,超/好看/!/!/!,超/好看/,1.26216032158
真心的感动，充满正能量,真心/的/感动/，/充满/正/能量,真心/感动/充满/正/能量/,3.214666438168
好看，题材选得好。情节环环相扣，激动人心,好看/，/题材/选得/好/。/情节/环环相扣/，/激动人心,好看/题材/选得/好/情节/环环相扣/激动人心/,3.5303456420459254
好看！一如既往的好,好看/！/一如既往/的/好,好看/一如既往/好/,1.26216032158
气势磅礴，震撼人心,气势磅礴/，/震撼人心,气势磅礴/震撼人心/,2.6401124259
这电影真的是太棒了真的可以了 科幻片够狠,这/电影/真的/是/太棒了/真的/可以/了/ /科幻片/够/狠,电影/真的/太棒了/真的/ /科幻片/够/狠/,-2.110041978785
不吹不黑，特效超爆，没有小鲜肉的电影就是好看更何况特效也这么nb的电影,不/吹/不/黑/，/特效/超爆/，/没有/小/鲜肉/的/电影/就是/好看/更何况/特效/也/这么/nb/的/电影,吹/黑/特效/超爆/小/鲜肉/电影/好看/更何况/特效/nb/电影/,4.321934824741
和国外科幻片不同，没有很个人英雄主义的塑造，在紧凑的情节发展中每个人的选择都很自然。这很刘慈欣，带给人更多更深的冲击和思考。推荐看。准备回去看原著。,和/国外/科幻片/不同/，/没有/很/个人/英雄主义/的/塑造/，/在/紧凑/的/情节/发展/中/每个/人/的/选择/都/很/自然/。/这/很/刘慈欣/，/带给/人/更/多/更深/的/冲击/和/思考/。/推荐/看/。/准备/回去/看/原著/。,国外/科幻片/英雄主义/塑造/紧凑/情节/发展/中/每个/人/选择/自然/刘慈欣/带给/人/更深/冲击/思考/推荐/准备/回去/原著/,10.008394506449099
一部好看的电影,一部/好看/的/电影,一部/好看/电影/,0.931369917857
天下第一好看,天下第一/好看,天下第一/好看/,2.145585285542
国片终于有大型科幻电影了,国/片/终于/有/大型/科幻电影/了,国/片/终于/大型/科幻电影/,3.026992341388
中国真正的硬科幻,中国/真正/的/硬/科幻,中国/真正/硬/科幻/,-0.5321088351190001
国产科幻雄起!!!必须五星,国产/科幻/雄起/!/!/!/必须/五星,国产/科幻/雄起/五星/,6.287581726675
真的很不错啊,真的/很/不错/啊,真的/不错/,1.3920292356900001
不错不错，值回票价，看了这个电影，我特珍惜现在的生活，感觉自己好幸福，以后会更加注意环保，爱护我们的地球,不错/不错/，/值回/票价/，/看/了/这个/电影/，/我特/珍惜/现在/的/生活/，/感觉/自己/好/幸福/，/以后/会/更加/注意/环保/，/爱护/我们/的/地球,不错/不错/值回/票价/电影/我特/珍惜/现在/生活/感觉/好/幸福/以后/注意/环保/爱护/地球/,12.7897290482505
真不错……………,真不错/…/…/…/…/…,真不错/,0
除了震撼就是激动，热泪盈眶，不得不说这种题材真男人，怪不得吴京会投资！碾压其他贺岁片！！,除了/震撼/就是/激动/，/热泪盈眶/，/不得不/说/这种/题材/真/男人/，/怪不得/吴京会/投资/！/碾压/其他/贺岁片/！/！,震撼/激动/热泪盈眶/说/这种/题材/真/男人/吴京会/投资/碾压/贺岁片/,7.239551150923
人类啊，永远都是成功的,人类/啊/，/永远都是/成功/的,人类/永远都是/成功/,1.429804933439
影片故事情节打动性很好，很不错的片子！,影片/故事情节/打动/性/很/好/，/很/不错/的/片子/！,影片/故事情节/打动/性/好/不错/片子/,7.774219668878751
绝对5?推荐,绝对/5/?/推荐,推荐/,1.946059228
一般 不咋样。。。,一般/ /不/咋样/。/。/。, /咋样/,0
好莱坞再紧张，?,好莱坞/再/紧张/，/?,好莱坞/再/紧张/,0.354880970973
非常好 好好好,非常/好/ /好好/好,好/ /好好/好/,0.791941660604
太感人了吧^,太/感人/了/吧/^,太/感人/,-0.529524470805
真的很好看，强烈推荐,真的/很/好看/，/强烈推荐,真的/好看/强烈推荐/,0.0028385872099998544
中国科幻崛起之作！,中国/科幻/崛起/之作/！,中国/科幻/崛起/之作/,1.377488063847
很不错，继续努力,很/不错/，/继续/努力,不错/继续/努力/,4.437407879929
无论你哪位，看了这个我们就是朋友了,无论/你/哪位/，/看/了/这个/我们/就是/朋友/了,哪位/朋友/,0.997629821831
国产科幻片，必须支持啊,国产/科幻片/，/必须/支持/啊,国产/科幻片/支持/,3.57805716985
场面挺宏大的，高潮的时候真的令人感动，值得一看支持国产科幻大片。,场面/挺/宏大/的/，/高潮/的/时候/真的/令人感动/，/值得一看/支持/国产/科幻/大片/。,场面/挺/宏大/高潮/真的/令人感动/值得一看/支持/国产/科幻/大片/,6.922545976862599
中国科幻片开始,中国/科幻片/开始,中国/科幻片/,0.685382056432
特效真的很棒,特效/真的/很棒,特效/真的/很棒/,-0.16813423642000003
非常棒的电影，小感情中的大格局，令人感动。终于看到中国自己的硬核科幻片，很激动!希望今后能再看到中国更多更优秀的科幻电影!,非常/棒/的/电影/，/小/感情/中/的/大/格局/，/令人感动/。/终于/看到/中国/自己/的/硬核/科幻片/，/很/激动/!/希望/今后/能/再/看到/中国/更/多/更/优秀/的/科幻电影/!,棒/电影/小/感情/中/格局/令人感动/终于/看到/中国/硬核/科幻片/激动/希望/今后/再/看到/中国/优秀/科幻电影/,14.2505358229569
中国电影的一次飞跃,中国/电影/的/一次/飞跃,中国/电影/一次/飞跃/,2.493191458097
过年票价好鬼,过年/票价/好/鬼,过年/票价/好/鬼/,-2.630490100251
这部电影来海南大学做过宣传，而且郭导既是海大的学长，又是我的山东老乡，所以今年贺岁档，我选择了先看流浪地球—精彩得超乎我的想象流浪地球可谓是中国真正意义上的一部科幻电影，国产硬科幻的元年，中国科幻电影的里程碑。真的是大制作，宏大浪漫。这些制作和技术为以后中国科幻电影奠定了基础。导演、制作和演员们辛苦了。对于科幻迷或大刘的粉丝来说，这部电影是一个大惊喜！这部电影为了庆祝新春还融入了一些中国春节喜庆的元素，同时“把地球推离出太阳系，带着地球一起去流浪”也显示了中国传统安土重迁的思想和情怀不过情节的叙述以及搞笑和煽情部分需要加强刘启有点帅10分是我个人对这部电影和中国科幻电影事业的鼓励和希望,这部/电影/来/海南大学/做过/宣传/，/而且/郭导/既/是/海大/的/学长/，/又/是/我/的/山东/老乡/，/所以/今年/贺岁/档/，/我/选择/了/先/看/流浪/地球/—/精彩/得/超乎/我/的/想象/流浪/地球/可谓/是/中国/真正/意义/上/的/一部/科幻电影/，/国产/硬/科幻/的/元年/，/中国/科幻电影/的/里程碑/。/真的/是/大/制作/，/宏大/浪漫/。/这些/制作/和/技术/为/以后/中国/科幻电影/奠定/了/基础/。/导演/、/制作/和/演员/们/辛苦/了/。/对于/科幻/迷/或/大/刘/的/粉丝/来说/，/这部/电影/是/一个/大/惊喜/！/这部/电影/为了/庆祝/新春/还/融入/了/一些/中国/春节/喜庆/的/元素/，/同时/“/把/地球/推离出/太阳系/，/带/着/地球/一起/去/流浪/”/也/显示/了/中国/传统/安土重迁/的/思想/和/情怀/不过/情节/的/叙述/以及/搞笑/和/煽情/部分/需要/加强/刘启/有点/帅/10/分是/我/个人/对/这部/电影/和/中国/科幻电影/事业/的/鼓励/和/希望,这部/电影/海南大学/做过/宣传/郭导/海大/学长/山东/老乡/今年/贺岁/档/选择/先/流浪/地球/精彩/超乎/想象/流浪/地球/可谓/中国/真正/意义/一部/科幻电影/国产/硬/科幻/元年/中国/科幻电影/里程碑/真的/制作/宏大/浪漫/制作/技术/以后/中国/科幻电影/奠定/基础/导演/制作/演员/辛苦/科幻/迷/刘/粉丝/来说/这部/电影/一个/惊喜/这部/电影/庆祝/新春/融入/一些/中国/春节/喜庆/元素/地球/推离出/太阳系/地球/一起/流浪/显示/中国/传统/安土重迁/思想/情怀/情节/叙述/搞笑/煽情/部分/需要/加强/刘启/有点/帅/10/分是/这部/电影/中国/科幻电影/事业/鼓励/希望/,75.6120277288598
超级好看，就是看的4d ，椅子晃动的时候把隔壁小朋友吓到了，全程窝爸爸怀里了，哈哈，效果很赞,超级/好看/，/就是/看/的/4d/ /，/椅子/晃动/的/时候/把/隔壁/小朋友/吓/到/了/，/全程/窝/爸爸/怀里/了/，/哈哈/，/效果/很赞,超级/好看/4d/ /椅子/晃动/隔壁/小朋友/全程/窝/爸爸/怀里/效果/很赞/,2.8751573391539997
很不错的一部影片(*??╰╯`?)?值得一看,很/不错/的/一部/影片/(/*/?/?/╰/╯/`/?/)/?/值得一看,不错/一部/影片/╰/╯/值得一看/,2.5797843701430003
想法不错有点科幻想,想法/不错/有点/科/幻想,想法/不错/有点/科/幻想/,2.2703741887022004
我其实个人觉得一般，如果是小说党想看和小说的剧情的话最好谨慎点，改动还是很大的！,我/其实/个人/觉得/一般/，/如果/是/小说/党想/看/和/小说/的/剧情/的话/最好/谨慎/点/，/改动/还是/很大/的/！,觉得/小说/党想/小说/剧情/最好/谨慎/点/改动/很大/,-2.259133371779
……吴京李光洁是配角么科幻片拯救地球,…/…/吴京/李/光洁/是/配角/么/科幻片/拯救/地球,吴京/李/光洁/配角/科幻片/拯救/地球/,5.398524918053201
中国终于拍出了一部好电影！特效一点都不输美国大片！煽情片段、豪情壮志片段也演绎的恰到好处！今年最好看的电影！良心之作呀！值得一看！贺岁档最值得推荐的一部电影！,中国/终于/拍出/了/一部/好/电影/！/特效/一点/都/不输/美国/大片/！/煽情/片段/、/豪情壮志/片段/也/演绎/的/恰到好处/！/今年/最/好看/的/电影/！/良心/之作/呀/！/值得一看/！/贺岁/档/最/值得/推荐/的/一部/电影/！,中国/终于/拍出/一部/好/电影/特效/一点/不输/美国/大片/煽情/片段/豪情壮志/片段/演绎/恰到好处/今年/最/好看/电影/良心/之作/值得一看/贺岁/档/最/值得/推荐/一部/电影/,60.62533817717205
